Airport name,Year,January,February,March,April,May,June,July,August,September,October,November,December,Whole year
Abakan,2020.0,13495.0,14940.0,0.0,0.0,0.0,0.0,0.0,0.0,0.0,0.0,0.0,0.0,0.0
Aikhal,2020.0,0.0,0.0,0.0,0.0,0.0,0.0,0.0,0.0,0.0,0.0,0.0,0.0,0.0
Loss,2020.0,0.0,0.0,0.0,0.0,0.0,0.0,0.0,0.0,0.0,0.0,0.0,0.0,0.0
Amderma,2020.0,0.0,0.0,0.0,0.0,0.0,0.0,0.0,0.0,0.0,0.0,0.0,0.0,0.0
Anadyr (Carbon),2020.0,4255.0,4565.0,0.0,0.0,0.0,0.0,0.0,0.0,0.0,0.0,0.0,0.0,0.0
Anapa (Vitjazevo),2020.0,43359.0,33653.0,0.0,0.0,0.0,0.0,0.0,0.0,0.0,0.0,0.0,0.0,0.0
Apatite (Khibiny),2020.0,0.0,0.0,0.0,0.0,0.0,0.0,0.0,0.0,0.0,0.0,0.0,0.0,0.0
Arkhangelsk (Vaskovo),2020.0,0.0,0.0,0.0,0.0,0.0,0.0,0.0,0.0,0.0,0.0,0.0,0.0,0.0
Arkhangelsk (Talagy),2020.0,62698.0,61408.0,0.0,0.0,0.0,0.0,0.0,0.0,0.0,0.0,0.0,0.0,0.0
Astrakhan (Narimanovo),2020.0,47384.0,46387.0,0.0,0.0,0.0,0.0,0.0,0.0,0.0,0.0,0.0,0.0,0.0
Trip,2020.0,157.0,165.0,0.0,0.0,0.0,0.0,0.0,0.0,0.0,0.0,0.0,0.0,0.0
Baykit,2020.0,0.0,0.0,0.0,0.0,0.0,0.0,0.0,0.0,0.0,0.0,0.0,0.0,0.0
Barnaul (Titov Name),2020.0,34657.0,33369.0,0.0,0.0,0.0,0.0,0.0,0.0,0.0,0.0,0.0,0.0,0.0
In Salah,2020.0,0.0,0.0,0.0,0.0,0.0,0.0,0.0,0.0,0.0,0.0,0.0,0.0,0.0
white Mountain,2020.0,0.0,0.0,0.0,0.0,0.0,0.0,0.0,0.0,0.0,0.0,0.0,0.0,0.0
Belgorod,2020.0,30337.0,23907.0,0.0,0.0,0.0,0.0,0.0,0.0,0.0,0.0,0.0,0.0,0.0
Novy Urengoy,2020.0,4472.0,4032.0,0.0,0.0,0.0,0.0,0.0,0.0,0.0,0.0,0.0,0.0,0.0
Belushi,2020.0,0.0,0.0,0.0,0.0,0.0,0.0,0.0,0.0,0.0,0.0,0.0,0.0,0.0
Usinsk,2020.0,0.0,0.0,0.0,0.0,0.0,0.0,0.0,0.0,0.0,0.0,0.0,0.0,0.0
Beringovskiy,2020.0,52.0,64.0,0.0,0.0,0.0,0.0,0.0,0.0,0.0,0.0,0.0,0.0,0.0
Blagoveshchensk (Ignatevo),2020.0,44356.0,42978.0,0.0,0.0,0.0,0.0,0.0,0.0,0.0,0.0,0.0,0.0,0.0
Bovanenkovo,2020.0,0.0,0.0,0.0,0.0,0.0,0.0,0.0,0.0,0.0,0.0,0.0,0.0,0.0
Bogorodskoe,2020.0,143.0,150.0,0.0,0.0,0.0,0.0,0.0,0.0,0.0,0.0,0.0,0.0,0.0
Bodaybo,2020.0,0.0,0.0,0.0,0.0,0.0,0.0,0.0,0.0,0.0,0.0,0.0,0.0,0.0
Bratsk,2020.0,0.0,0.0,0.0,0.0,0.0,0.0,0.0,0.0,0.0,0.0,0.0,0.0,0.0
Bryansk,2020.0,0.0,0.0,0.0,0.0,0.0,0.0,0.0,0.0,0.0,0.0,0.0,0.0,0.0
Bugulma,2020.0,4162.0,4228.0,0.0,0.0,0.0,0.0,0.0,0.0,0.0,0.0,0.0,0.0,0.0
Vanavara,2020.0,0.0,0.0,0.0,0.0,0.0,0.0,0.0,0.0,0.0,0.0,0.0,0.0,0.0
Varandey,2020.0,0.0,0.0,0.0,0.0,0.0,0.0,0.0,0.0,0.0,0.0,0.0,0.0,0.0
Верхневилюйск,2020.0,0.0,0.0,0.0,0.0,0.0,0.0,0.0,0.0,0.0,0.0,0.0,0.0,0.0
Vizhas,2020.0,0.0,0.0,0.0,0.0,0.0,0.0,0.0,0.0,0.0,0.0,0.0,0.0,0.0
Viljujsk,2020.0,0.0,0.0,0.0,0.0,0.0,0.0,0.0,0.0,0.0,0.0,0.0,0.0,0.0
Vladivostok (Knevichi),2020.0,212443.0,176627.0,0.0,0.0,0.0,0.0,0.0,0.0,0.0,0.0,0.0,0.0,0.0
Vladikavkaz (Beslan),2020.0,0.0,0.0,0.0,0.0,0.0,0.0,0.0,0.0,0.0,0.0,0.0,0.0,0.0
Vladimir,2020.0,0.0,0.0,0.0,0.0,0.0,0.0,0.0,0.0,0.0,0.0,0.0,0.0,0.0
Volgograd (Gumrak),2020.0,79367.0,75256.0,0.0,0.0,0.0,0.0,0.0,0.0,0.0,0.0,0.0,0.0,0.0
Vologda,2020.0,0.0,0.0,0.0,0.0,0.0,0.0,0.0,0.0,0.0,0.0,0.0,0.0,0.0
Volokovaya,2020.0,0.0,0.0,0.0,0.0,0.0,0.0,0.0,0.0,0.0,0.0,0.0,0.0,0.0
Vorkuta,2020.0,868.0,512.0,0.0,0.0,0.0,0.0,0.0,0.0,0.0,0.0,0.0,0.0,0.0
Voronezh (Chertovitskoe),2020.0,51220.0,48198.0,0.0,0.0,0.0,0.0,0.0,0.0,0.0,0.0,0.0,0.0,0.0
Gelendzhik,2020.0,0.0,0.0,0.0,0.0,0.0,0.0,0.0,0.0,0.0,0.0,0.0,0.0,0.0
Gorno-Altaisk,2020.0,6581.0,6723.0,0.0,0.0,0.0,0.0,0.0,0.0,0.0,0.0,0.0,0.0,0.0
Terrible (North),2020.0,0.0,0.0,0.0,0.0,0.0,0.0,0.0,0.0,0.0,0.0,0.0,0.0,0.0
deputy,2020.0,0.0,0.0,0.0,0.0,0.0,0.0,0.0,0.0,0.0,0.0,0.0,0.0,0.0
Dixon,2020.0,0.0,0.0,0.0,0.0,0.0,0.0,0.0,0.0,0.0,0.0,0.0,0.0,0.0
Ekaterinburg (Koltsovo),2020.0,420348.0,360961.0,0.0,0.0,0.0,0.0,0.0,0.0,0.0,0.0,0.0,0.0,0.0
Pitorafik,2020.0,0.0,0.0,0.0,0.0,0.0,0.0,0.0,0.0,0.0,0.0,0.0,0.0,0.0
Erbogaçen,2020.0,0.0,0.0,0.0,0.0,0.0,0.0,0.0,0.0,0.0,0.0,0.0,0.0,0.0
Jigansk,2020.0,0.0,0.0,0.0,0.0,0.0,0.0,0.0,0.0,0.0,0.0,0.0,0.0,0.0
Zhukovsky,2020.0,0.0,0.0,0.0,0.0,0.0,0.0,0.0,0.0,0.0,0.0,0.0,0.0,0.0
Gulf Lawrence (Lawrence),2020.0,328.0,338.0,0.0,0.0,0.0,0.0,0.0,0.0,0.0,0.0,0.0,0.0,0.0
Zeyskaya,2020.0,93.0,73.0,0.0,0.0,0.0,0.0,0.0,0.0,0.0,0.0,0.0,0.0,0.0
Zыrjanka,2020.0,0.0,0.0,0.0,0.0,0.0,0.0,0.0,0.0,0.0,0.0,0.0,0.0,0.0
Ivanovo (Yuzhny),2020.0,2269.0,2224.0,0.0,0.0,0.0,0.0,0.0,0.0,0.0,0.0,0.0,0.0,0.0
Igarka,2020.0,0.0,0.0,0.0,0.0,0.0,0.0,0.0,0.0,0.0,0.0,0.0,0.0,0.0
Vorkuta,2020.0,0.0,0.0,0.0,0.0,0.0,0.0,0.0,0.0,0.0,0.0,0.0,0.0,0.0
Izhevsk,2020.0,29312.0,28883.0,0.0,0.0,0.0,0.0,0.0,0.0,0.0,0.0,0.0,0.0,0.0
Izhma,2020.0,0.0,0.0,0.0,0.0,0.0,0.0,0.0,0.0,0.0,0.0,0.0,0.0,0.0
Indiga,2020.0,0.0,0.0,0.0,0.0,0.0,0.0,0.0,0.0,0.0,0.0,0.0,0.0,0.0
Inta,2020.0,0.0,0.0,0.0,0.0,0.0,0.0,0.0,0.0,0.0,0.0,0.0,0.0,0.0
Yoshkar-Ola,2020.0,1804.0,1744.0,0.0,0.0,0.0,0.0,0.0,0.0,0.0,0.0,0.0,0.0,0.0
Irkutsk,2020.0,196554.0,172959.0,0.0,0.0,0.0,0.0,0.0,0.0,0.0,0.0,0.0,0.0,0.0
Kazan,2020.0,226985.0,207705.0,0.0,0.0,0.0,0.0,0.0,0.0,0.0,0.0,0.0,0.0,0.0
Kaliningrad (Hrabrovo),2020.0,172858.0,154796.0,0.0,0.0,0.0,0.0,0.0,0.0,0.0,0.0,0.0,0.0,0.0
Kaluga (Grabtsevo),2020.0,9885.0,8202.0,0.0,0.0,0.0,0.0,0.0,0.0,0.0,0.0,0.0,0.0,0.0
Karatayka,2020.0,0.0,0.0,0.0,0.0,0.0,0.0,0.0,0.0,0.0,0.0,0.0,0.0,0.0
Kemerovo,2020.0,37174.0,36388.0,0.0,0.0,0.0,0.0,0.0,0.0,0.0,0.0,0.0,0.0,0.0
Keperveem,2020.0,1308.0,1437.0,0.0,0.0,0.0,0.0,0.0,0.0,0.0,0.0,0.0,0.0,0.0
Ust-kut,2020.0,0.0,0.0,0.0,0.0,0.0,0.0,0.0,0.0,0.0,0.0,0.0,0.0,0.0
Kirov (Pobedilovo),2020.0,20748.0,17898.0,0.0,0.0,0.0,0.0,0.0,0.0,0.0,0.0,0.0,0.0,0.0
Kogalym,2020.0,10055.0,9425.0,0.0,0.0,0.0,0.0,0.0,0.0,0.0,0.0,0.0,0.0,0.0
Kodinsk,2020.0,0.0,0.0,0.0,0.0,0.0,0.0,0.0,0.0,0.0,0.0,0.0,0.0,0.0
Komsomolsk-on-Amur,2020.0,573.0,816.0,0.0,0.0,0.0,0.0,0.0,0.0,0.0,0.0,0.0,0.0,0.0
Kondinskoye,2020.0,0.0,0.0,0.0,0.0,0.0,0.0,0.0,0.0,0.0,0.0,0.0,0.0,0.0
Kostroma,2020.0,0.0,0.0,0.0,0.0,0.0,0.0,0.0,0.0,0.0,0.0,0.0,0.0,0.0
Kotkin,2020.0,0.0,0.0,0.0,0.0,0.0,0.0,0.0,0.0,0.0,0.0,0.0,0.0,0.0
Kotlas,2020.0,0.0,0.0,0.0,0.0,0.0,0.0,0.0,0.0,0.0,0.0,0.0,0.0,0.0
Krasnodar (Paszkowski),2020.0,365711.0,330729.0,0.0,0.0,0.0,0.0,0.0,0.0,0.0,0.0,0.0,0.0,0.0
Krasnoselkup,2020.0,0.0,0.0,0.0,0.0,0.0,0.0,0.0,0.0,0.0,0.0,0.0,0.0,0.0
Krasnoyarsk,2020.0,196024.0,181558.0,0.0,0.0,0.0,0.0,0.0,0.0,0.0,0.0,0.0,0.0,0.0
Krasnoyarsk (Cheremshanka),2020.0,3468.0,3866.0,0.0,0.0,0.0,0.0,0.0,0.0,0.0,0.0,0.0,0.0,0.0
Mound,2020.0,0.0,0.0,0.0,0.0,0.0,0.0,0.0,0.0,0.0,0.0,0.0,0.0,0.0
Kurilsk (Clear),2020.0,0.0,0.0,0.0,0.0,0.0,0.0,0.0,0.0,0.0,0.0,0.0,0.0,0.0
Kursk (Eastern),2020.0,4420.0,4436.0,0.0,0.0,0.0,0.0,0.0,0.0,0.0,0.0,0.0,0.0,0.0
red,2020.0,5314.0,5339.0,0.0,0.0,0.0,0.0,0.0,0.0,0.0,0.0,0.0,0.0,0.0
Labozhskoe,2020.0,0.0,0.0,0.0,0.0,0.0,0.0,0.0,0.0,0.0,0.0,0.0,0.0,0.0
Zabaykalsk,2020.0,2737.0,3101.0,0.0,0.0,0.0,0.0,0.0,0.0,0.0,0.0,0.0,0.0,0.0
Лешуконское,2020.0,0.0,0.0,0.0,0.0,0.0,0.0,0.0,0.0,0.0,0.0,0.0,0.0,0.0
Lipetsk,2020.0,0.0,0.0,0.0,0.0,0.0,0.0,0.0,0.0,0.0,0.0,0.0,0.0,0.0
Magadan (Falcon),2020.0,27103.0,26575.0,0.0,0.0,0.0,0.0,0.0,0.0,0.0,0.0,0.0,0.0,0.0
Magnitogorsk,2020.0,0.0,0.0,0.0,0.0,0.0,0.0,0.0,0.0,0.0,0.0,0.0,0.0,0.0
Mom,2020.0,0.0,0.0,0.0,0.0,0.0,0.0,0.0,0.0,0.0,0.0,0.0,0.0,0.0
Manila,2020.0,0.0,0.0,0.0,0.0,0.0,0.0,0.0,0.0,0.0,0.0,0.0,0.0,0.0
brand,2020.0,129.0,159.0,0.0,0.0,0.0,0.0,0.0,0.0,0.0,0.0,0.0,0.0,0.0
Makhachkala (Uytash),2020.0,120219.0,104198.0,0.0,0.0,0.0,0.0,0.0,0.0,0.0,0.0,0.0,0.0,0.0
Mezhdurechensk,2020.0,0.0,0.0,0.0,0.0,0.0,0.0,0.0,0.0,0.0,0.0,0.0,0.0,0.0
Mezen,2020.0,0.0,0.0,0.0,0.0,0.0,0.0,0.0,0.0,0.0,0.0,0.0,0.0,0.0
Milkovo,2020.0,0.0,0.0,0.0,0.0,0.0,0.0,0.0,0.0,0.0,0.0,0.0,0.0,0.0
Mineral water,2020.0,194038.0,176489.0,0.0,0.0,0.0,0.0,0.0,0.0,0.0,0.0,0.0,0.0,0.0
Peaceful,2020.0,27302.0,23348.0,0.0,0.0,0.0,0.0,0.0,0.0,0.0,0.0,0.0,0.0,0.0
Moscow (Vnukovo),2020.0,1650445.0,1465291.0,0.0,0.0,0.0,0.0,0.0,0.0,0.0,0.0,0.0,0.0,0.0
Moscow (Domodedovo),2020.0,2099024.0,1860818.0,0.0,0.0,0.0,0.0,0.0,0.0,0.0,0.0,0.0,0.0,0.0
Moscow (Ostafyevo),2020.0,0.0,0.0,0.0,0.0,0.0,0.0,0.0,0.0,0.0,0.0,0.0,0.0,0.0
Moscow (Sheremetyevo),2020.0,3366567.0,3098337.0,0.0,0.0,0.0,0.0,0.0,0.0,0.0,0.0,0.0,0.0,0.0
Мотыгино,2020.0,0.0,0.0,0.0,0.0,0.0,0.0,0.0,0.0,0.0,0.0,0.0,0.0,0.0
Murmansk,2020.0,98066.0,84717.0,0.0,0.0,0.0,0.0,0.0,0.0,0.0,0.0,0.0,0.0,0.0
Cape-Stone,2020.0,0.0,0.0,0.0,0.0,0.0,0.0,0.0,0.0,0.0,0.0,0.0,0.0,0.0
Nadym,2020.0,16076.0,14927.0,0.0,0.0,0.0,0.0,0.0,0.0,0.0,0.0,0.0,0.0,0.0
Nazran (Magas),2020.0,0.0,0.0,0.0,0.0,0.0,0.0,0.0,0.0,0.0,0.0,0.0,0.0,0.0
Nalchik,2020.0,0.0,0.0,0.0,0.0,0.0,0.0,0.0,0.0,0.0,0.0,0.0,0.0,0.0
Naryan-Mar,2020.0,0.0,0.0,0.0,0.0,0.0,0.0,0.0,0.0,0.0,0.0,0.0,0.0,0.0
Nelkan,2020.0,0.0,0.0,0.0,0.0,0.0,0.0,0.0,0.0,0.0,0.0,0.0,0.0,0.0
Nerungri (Chulman),2020.0,0.0,0.0,0.0,0.0,0.0,0.0,0.0,0.0,0.0,0.0,0.0,0.0,0.0
Nes,2020.0,0.0,0.0,0.0,0.0,0.0,0.0,0.0,0.0,0.0,0.0,0.0,0.0,0.0
Nižneangarsk,2020.0,0.0,0.0,0.0,0.0,0.0,0.0,0.0,0.0,0.0,0.0,0.0,0.0,0.0
Nizhnevartovsk,2020.0,53775.0,49083.0,0.0,0.0,0.0,0.0,0.0,0.0,0.0,0.0,0.0,0.0,0.0
Kazan (Begiševo),2020.0,50825.0,49156.0,0.0,0.0,0.0,0.0,0.0,0.0,0.0,0.0,0.0,0.0,0.0
Nizhny Novgorod (Strigino),2020.0,64085.0,58831.0,0.0,0.0,0.0,0.0,0.0,0.0,0.0,0.0,0.0,0.0,0.0
lower Pesha,2020.0,0.0,0.0,0.0,0.0,0.0,0.0,0.0,0.0,0.0,0.0,0.0,0.0,0.0
Nikolaevsk-on-Amur,2020.0,3141.0,3447.0,0.0,0.0,0.0,0.0,0.0,0.0,0.0,0.0,0.0,0.0,0.0
Nikolskoye,2020.0,0.0,0.0,0.0,0.0,0.0,0.0,0.0,0.0,0.0,0.0,0.0,0.0,0.0
Novokuznetsk (Spichenkovo),2020.0,21709.0,21524.0,0.0,0.0,0.0,0.0,0.0,0.0,0.0,0.0,0.0,0.0,0.0
Novosibirsk (Tolmachyovo),2020.0,516162.0,458432.0,0.0,0.0,0.0,0.0,0.0,0.0,0.0,0.0,0.0,0.0,0.0
New Urengoy,2020.0,77758.0,71281.0,0.0,0.0,0.0,0.0,0.0,0.0,0.0,0.0,0.0,0.0,0.0
Nogliki,2020.0,3121.0,3473.0,0.0,0.0,0.0,0.0,0.0,0.0,0.0,0.0,0.0,0.0,0.0
Norilsk,2020.0,35028.0,28081.0,0.0,0.0,0.0,0.0,0.0,0.0,0.0,0.0,0.0,0.0,0.0
Noyabrsk,2020.0,19086.0,17089.0,0.0,0.0,0.0,0.0,0.0,0.0,0.0,0.0,0.0,0.0,0.0
Нюрба,2020.0,0.0,0.0,0.0,0.0,0.0,0.0,0.0,0.0,0.0,0.0,0.0,0.0,0.0
Nyagan,2020.0,0.0,0.0,0.0,0.0,0.0,0.0,0.0,0.0,0.0,0.0,0.0,0.0,0.0
Luengo,2020.0,0.0,0.0,0.0,0.0,0.0,0.0,0.0,0.0,0.0,0.0,0.0,0.0,0.0
Olekminsk,2020.0,0.0,0.0,0.0,0.0,0.0,0.0,0.0,0.0,0.0,0.0,0.0,0.0,0.0
SUV,2020.0,0.0,0.0,0.0,0.0,0.0,0.0,0.0,0.0,0.0,0.0,0.0,0.0,0.0
ohm,2020.0,0.0,0.0,0.0,0.0,0.0,0.0,0.0,0.0,0.0,0.0,0.0,0.0,0.0
Omolon,2020.0,65.0,85.0,0.0,0.0,0.0,0.0,0.0,0.0,0.0,0.0,0.0,0.0,0.0
Omsk (central),2020.0,101744.0,92466.0,0.0,0.0,0.0,0.0,0.0,0.0,0.0,0.0,0.0,0.0,0.0
Omsukçan,2020.0,444.0,411.0,0.0,0.0,0.0,0.0,0.0,0.0,0.0,0.0,0.0,0.0,0.0
Orenburg (central),2020.0,53242.0,48524.0,0.0,0.0,0.0,0.0,0.0,0.0,0.0,0.0,0.0,0.0,0.0
Ossora,2020.0,0.0,0.0,0.0,0.0,0.0,0.0,0.0,0.0,0.0,0.0,0.0,0.0,0.0
Okha,2020.0,2657.0,3229.0,0.0,0.0,0.0,0.0,0.0,0.0,0.0,0.0,0.0,0.0,0.0
Okhotsk,2020.0,1910.0,2104.0,0.0,0.0,0.0,0.0,0.0,0.0,0.0,0.0,0.0,0.0,0.0
Palana,2020.0,0.0,0.0,0.0,0.0,0.0,0.0,0.0,0.0,0.0,0.0,0.0,0.0,0.0
Pahachi,2020.0,0.0,0.0,0.0,0.0,0.0,0.0,0.0,0.0,0.0,0.0,0.0,0.0,0.0
Pevek,2020.0,1653.0,2103.0,0.0,0.0,0.0,0.0,0.0,0.0,0.0,0.0,0.0,0.0,0.0
Penza,2020.0,13381.0,13702.0,0.0,0.0,0.0,0.0,0.0,0.0,0.0,0.0,0.0,0.0,0.0
Perm (Bolshoye Savino),2020.0,0.0,0.0,0.0,0.0,0.0,0.0,0.0,0.0,0.0,0.0,0.0,0.0,0.0
Petrozavodsk,2020.0,0.0,0.0,0.0,0.0,0.0,0.0,0.0,0.0,0.0,0.0,0.0,0.0,0.0
Petropavlovsk (Yelizovo),2020.0,43292.0,38991.0,0.0,0.0,0.0,0.0,0.0,0.0,0.0,0.0,0.0,0.0,0.0
Pechora,2020.0,0.0,0.0,0.0,0.0,0.0,0.0,0.0,0.0,0.0,0.0,0.0,0.0,0.0
pioneer,2020.0,0.0,0.0,0.0,0.0,0.0,0.0,0.0,0.0,0.0,0.0,0.0,0.0,0.0
Plast,2020.0,0.0,0.0,0.0,0.0,0.0,0.0,0.0,0.0,0.0,0.0,0.0,0.0,0.0
Podkamyennaya Tunguska,2020.0,0.0,0.0,0.0,0.0,0.0,0.0,0.0,0.0,0.0,0.0,0.0,0.0,0.0
Pauline Osipenko,2020.0,0.0,0.0,0.0,0.0,0.0,0.0,0.0,0.0,0.0,0.0,0.0,0.0,0.0
Polar,2020.0,4742.0,3848.0,0.0,0.0,0.0,0.0,0.0,0.0,0.0,0.0,0.0,0.0,0.0
Providence (Providence Harbor),2020.0,202.0,399.0,0.0,0.0,0.0,0.0,0.0,0.0,0.0,0.0,0.0,0.0,0.0
Pskov (crosses),2020.0,0.0,0.0,0.0,0.0,0.0,0.0,0.0,0.0,0.0,0.0,0.0,0.0,0.0
Rostov-on-Don (fee),2020.0,0.0,0.0,0.0,0.0,0.0,0.0,0.0,0.0,0.0,0.0,0.0,0.0,0.0
Sabetta,2020.0,0.0,0.0,0.0,0.0,0.0,0.0,0.0,0.0,0.0,0.0,0.0,0.0,0.0
Sakkırır,2020.0,0.0,0.0,0.0,0.0,0.0,0.0,0.0,0.0,0.0,0.0,0.0,0.0,0.0
Salekhard,2020.0,0.0,0.0,0.0,0.0,0.0,0.0,0.0,0.0,0.0,0.0,0.0,0.0,0.0
Samara (Kurumoch),2020.0,199870.0,180357.0,0.0,0.0,0.0,0.0,0.0,0.0,0.0,0.0,0.0,0.0,0.0
Sangar,2020.0,0.0,0.0,0.0,0.0,0.0,0.0,0.0,0.0,0.0,0.0,0.0,0.0,0.0
Saint Petersburg (Pulkovo),2020.0,1328413.0,1173724.0,0.0,0.0,0.0,0.0,0.0,0.0,0.0,0.0,0.0,0.0,0.0
Saransk,2020.0,3874.0,3655.0,0.0,0.0,0.0,0.0,0.0,0.0,0.0,0.0,0.0,0.0,0.0
Saratov (Gagarin),2020.0,0.0,0.0,0.0,0.0,0.0,0.0,0.0,0.0,0.0,0.0,0.0,0.0,0.0
Saskılah,2020.0,0.0,0.0,0.0,0.0,0.0,0.0,0.0,0.0,0.0,0.0,0.0,0.0,0.0
Svetlogorsk,2020.0,0.0,0.0,0.0,0.0,0.0,0.0,0.0,0.0,0.0,0.0,0.0,0.0,0.0
North-Yenisei,2020.0,0.0,0.0,0.0,0.0,0.0,0.0,0.0,0.0,0.0,0.0,0.0,0.0,0.0
North Even,2020.0,0.0,0.0,0.0,0.0,0.0,0.0,0.0,0.0,0.0,0.0,0.0,0.0,0.0
Seymçan,2020.0,0.0,0.0,0.0,0.0,0.0,0.0,0.0,0.0,0.0,0.0,0.0,0.0,0.0
Simferopol,2020.0,0.0,0.0,0.0,0.0,0.0,0.0,0.0,0.0,0.0,0.0,0.0,0.0,0.0
sheaf,2020.0,0.0,0.0,0.0,0.0,0.0,0.0,0.0,0.0,0.0,0.0,0.0,0.0,0.0
Sobolevo,2020.0,0.0,0.0,0.0,0.0,0.0,0.0,0.0,0.0,0.0,0.0,0.0,0.0,0.0
Sovetskaya Gavan,2020.0,0.0,0.0,0.0,0.0,0.0,0.0,0.0,0.0,0.0,0.0,0.0,0.0,0.0
Soviet,2020.0,0.0,0.0,0.0,0.0,0.0,0.0,0.0,0.0,0.0,0.0,0.0,0.0,0.0
Solovki,2020.0,0.0,0.0,0.0,0.0,0.0,0.0,0.0,0.0,0.0,0.0,0.0,0.0,0.0
Sochi,2020.0,461551.0,465792.0,0.0,0.0,0.0,0.0,0.0,0.0,0.0,0.0,0.0,0.0,0.0
Среднеколымск,2020.0,0.0,0.0,0.0,0.0,0.0,0.0,0.0,0.0,0.0,0.0,0.0,0.0,0.0
Stavropol (Shpakovskoye),2020.0,27132.0,27140.0,0.0,0.0,0.0,0.0,0.0,0.0,0.0,0.0,0.0,0.0,0.0
Stary Oskol,2020.0,0.0,0.0,0.0,0.0,0.0,0.0,0.0,0.0,0.0,0.0,0.0,0.0,0.0
Strezhevoy,2020.0,2759.0,5718.0,0.0,0.0,0.0,0.0,0.0,0.0,0.0,0.0,0.0,0.0,0.0
Samsearn,2020.0,0.0,0.0,0.0,0.0,0.0,0.0,0.0,0.0,0.0,0.0,0.0,0.0,0.0
Surgut,2020.0,144627.0,133801.0,0.0,0.0,0.0,0.0,0.0,0.0,0.0,0.0,0.0,0.0,0.0
Syktyvkar,2020.0,32718.0,31569.0,0.0,0.0,0.0,0.0,0.0,0.0,0.0,0.0,0.0,0.0,0.0
Taz,2020.0,0.0,0.0,0.0,0.0,0.0,0.0,0.0,0.0,0.0,0.0,0.0,0.0,0.0
Таксимо,2020.0,0.0,0.0,0.0,0.0,0.0,0.0,0.0,0.0,0.0,0.0,0.0,0.0,0.0
Talakan,2020.0,0.0,0.0,0.0,0.0,0.0,0.0,0.0,0.0,0.0,0.0,0.0,0.0,0.0
Tambov,2020.0,402.0,706.0,0.0,0.0,0.0,0.0,0.0,0.0,0.0,0.0,0.0,0.0,0.0
Tarko-Sale,2020.0,0.0,0.0,0.0,0.0,0.0,0.0,0.0,0.0,0.0,0.0,0.0,0.0,0.0
Tigil,2020.0,0.0,0.0,0.0,0.0,0.0,0.0,0.0,0.0,0.0,0.0,0.0,0.0,0.0
Tiksi,2020.0,809.0,767.0,0.0,0.0,0.0,0.0,0.0,0.0,0.0,0.0,0.0,0.0,0.0
Tilichiki,2020.0,0.0,0.0,0.0,0.0,0.0,0.0,0.0,0.0,0.0,0.0,0.0,0.0,0.0
Tobolsk,2020.0,0.0,0.0,0.0,0.0,0.0,0.0,0.0,0.0,0.0,0.0,0.0,0.0,0.0
Tolka,2020.0,0.0,0.0,0.0,0.0,0.0,0.0,0.0,0.0,0.0,0.0,0.0,0.0,0.0
Tomsk (Bogashevo),2020.0,45396.0,42924.0,0.0,0.0,0.0,0.0,0.0,0.0,0.0,0.0,0.0,0.0,0.0
Tugur,2020.0,0.0,0.0,0.0,0.0,0.0,0.0,0.0,0.0,0.0,0.0,0.0,0.0,0.0
Travel (Mountain),2020.0,0.0,0.0,0.0,0.0,0.0,0.0,0.0,0.0,0.0,0.0,0.0,0.0,0.0
Turukhansk,2020.0,0.0,0.0,0.0,0.0,0.0,0.0,0.0,0.0,0.0,0.0,0.0,0.0,0.0
Ust-Tsilma,2020.0,76.0,108.0,0.0,0.0,0.0,0.0,0.0,0.0,0.0,0.0,0.0,0.0,0.0
Tyumen (Plekhanovo),2020.0,0.0,0.0,0.0,0.0,0.0,0.0,0.0,0.0,0.0,0.0,0.0,0.0,0.0
Tyumen (Roschino),2020.0,143845.0,137226.0,0.0,0.0,0.0,0.0,0.0,0.0,0.0,0.0,0.0,0.0,0.0
Uda,2020.0,0.0,0.0,0.0,0.0,0.0,0.0,0.0,0.0,0.0,0.0,0.0,0.0,0.0
Ulan Ude (Mukhino),2020.0,0.0,0.0,0.0,0.0,0.0,0.0,0.0,0.0,0.0,0.0,0.0,0.0,0.0
Ulyanovsk (Barataevka),2020.0,27382.0,25217.0,0.0,0.0,0.0,0.0,0.0,0.0,0.0,0.0,0.0,0.0,0.0
Ulyanovsk (East),2020.0,0.0,7.0,0.0,0.0,0.0,0.0,0.0,0.0,0.0,0.0,0.0,0.0,0.0
Nyagan,2020.0,0.0,0.0,0.0,0.0,0.0,0.0,0.0,0.0,0.0,0.0,0.0,0.0,0.0
Flora,2020.0,0.0,0.0,0.0,0.0,0.0,0.0,0.0,0.0,0.0,0.0,0.0,0.0,0.0
Urengoy,2020.0,0.0,0.0,0.0,0.0,0.0,0.0,0.0,0.0,0.0,0.0,0.0,0.0,0.0
Usinsk,2020.0,0.0,0.0,0.0,0.0,0.0,0.0,0.0,0.0,0.0,0.0,0.0,0.0,0.0
Ust-Kamchatsk,2020.0,0.0,0.0,0.0,0.0,0.0,0.0,0.0,0.0,0.0,0.0,0.0,0.0,0.0
Ust-Kara,2020.0,0.0,0.0,0.0,0.0,0.0,0.0,0.0,0.0,0.0,0.0,0.0,0.0,0.0
Ust-Kuyga,2020.0,0.0,0.0,0.0,0.0,0.0,0.0,0.0,0.0,0.0,0.0,0.0,0.0,0.0
Ust-Kut,2020.0,0.0,0.0,0.0,0.0,0.0,0.0,0.0,0.0,0.0,0.0,0.0,0.0,0.0
Ust-Maya,2020.0,0.0,0.0,0.0,0.0,0.0,0.0,0.0,0.0,0.0,0.0,0.0,0.0,0.0
Ust-Nera,2020.0,0.0,0.0,0.0,0.0,0.0,0.0,0.0,0.0,0.0,0.0,0.0,0.0,0.0
Ust-Khairyuzovo,2020.0,0.0,0.0,0.0,0.0,0.0,0.0,0.0,0.0,0.0,0.0,0.0,0.0,0.0
Ust-Tsilma,2020.0,0.0,0.0,0.0,0.0,0.0,0.0,0.0,0.0,0.0,0.0,0.0,0.0,0.0
Ufa,2020.0,274972.0,252985.0,0.0,0.0,0.0,0.0,0.0,0.0,0.0,0.0,0.0,0.0,0.0
Ukhta,2020.0,0.0,0.0,0.0,0.0,0.0,0.0,0.0,0.0,0.0,0.0,0.0,0.0,0.0
Khabarovsk (MVL),2020.0,0.0,0.0,0.0,0.0,0.0,0.0,0.0,0.0,0.0,0.0,0.0,0.0,0.0
Khabarovsk (New),2020.0,146383.0,134614.0,0.0,0.0,0.0,0.0,0.0,0.0,0.0,0.0,0.0,0.0,0.0
royal,2020.0,0.0,0.0,0.0,0.0,0.0,0.0,0.0,0.0,0.0,0.0,0.0,0.0,0.0
Khanty-Mansiysk,2020.0,30348.0,29612.0,0.0,0.0,0.0,0.0,0.0,0.0,0.0,0.0,0.0,0.0,0.0
Harwell,2020.0,0.0,0.0,0.0,0.0,0.0,0.0,0.0,0.0,0.0,0.0,0.0,0.0,0.0
Khatanga,2020.0,1155.0,816.0,0.0,0.0,0.0,0.0,0.0,0.0,0.0,0.0,0.0,0.0,0.0
Herpuchi,2020.0,77.0,76.0,0.0,0.0,0.0,0.0,0.0,0.0,0.0,0.0,0.0,0.0,0.0
Honuu (Girl),2020.0,0.0,0.0,0.0,0.0,0.0,0.0,0.0,0.0,0.0,0.0,0.0,0.0,0.0
Khorey Vere,2020.0,0.0,0.0,0.0,0.0,0.0,0.0,0.0,0.0,0.0,0.0,0.0,0.0,0.0
remedy,2020.0,0.0,0.0,0.0,0.0,0.0,0.0,0.0,0.0,0.0,0.0,0.0,0.0,0.0
Cheboksary,2020.0,30366.0,29753.0,0.0,0.0,0.0,0.0,0.0,0.0,0.0,0.0,0.0,0.0,0.0
Chyegdomyn,2020.0,0.0,0.0,0.0,0.0,0.0,0.0,0.0,0.0,0.0,0.0,0.0,0.0,0.0
Chelyabinsk (Balandino),2020.0,127455.0,120116.0,0.0,0.0,0.0,0.0,0.0,0.0,0.0,0.0,0.0,0.0,0.0
Cherepovets,2020.0,0.0,0.0,0.0,0.0,0.0,0.0,0.0,0.0,0.0,0.0,0.0,0.0,0.0
Cherskiy,2020.0,0.0,0.0,0.0,0.0,0.0,0.0,0.0,0.0,0.0,0.0,0.0,0.0,0.0
Chizha,2020.0,0.0,0.0,0.0,0.0,0.0,0.0,0.0,0.0,0.0,0.0,0.0,0.0,0.0
Reads (tub),2020.0,32552.0,29340.0,0.0,0.0,0.0,0.0,0.0,0.0,0.0,0.0,0.0,0.0,0.0
Çokurdah,2020.0,0.0,0.0,0.0,0.0,0.0,0.0,0.0,0.0,0.0,0.0,0.0,0.0,0.0
Çumikan,2020.0,252.0,249.0,0.0,0.0,0.0,0.0,0.0,0.0,0.0,0.0,0.0,0.0,0.0
Shakhtars'k,2020.0,167.0,105.0,0.0,0.0,0.0,0.0,0.0,0.0,0.0,0.0,0.0,0.0,0.0
Şoyna,2020.0,0.0,0.0,0.0,0.0,0.0,0.0,0.0,0.0,0.0,0.0,0.0,0.0,0.0
Shushenskoe,2020.0,36.0,26.0,0.0,0.0,0.0,0.0,0.0,0.0,0.0,0.0,0.0,0.0,0.0
Egvekinot (Bay Cross),2020.0,349.0,410.0,0.0,0.0,0.0,0.0,0.0,0.0,0.0,0.0,0.0,0.0,0.0
Ekimçan,2020.0,21.0,19.0,0.0,0.0,0.0,0.0,0.0,0.0,0.0,0.0,0.0,0.0,0.0
Elista,2020.0,0.0,0.0,0.0,0.0,0.0,0.0,0.0,0.0,0.0,0.0,0.0,0.0,0.0
South kurilsk (Mendeleevo),2020.0,0.0,0.0,0.0,0.0,0.0,0.0,0.0,0.0,0.0,0.0,0.0,0.0,0.0
Yuzhno-(Khomutovo),2020.0,82774.0,79962.0,0.0,0.0,0.0,0.0,0.0,0.0,0.0,0.0,0.0,0.0,0.0
Yakutsk,2020.0,58549.0,53765.0,0.0,0.0,0.0,0.0,0.0,0.0,0.0,0.0,0.0,0.0,0.0
Yakutsk (Magan),2020.0,0.0,0.0,0.0,0.0,0.0,0.0,0.0,0.0,0.0,0.0,0.0,0.0,0.0
Yamburg,2020.0,5437.0,5401.0,0.0,0.0,0.0,0.0,0.0,0.0,0.0,0.0,0.0,0.0,0.0
Yaroslavl (Tunoshna),2020.0,3638.0,3444.0,0.0,0.0,0.0,0.0,0.0,0.0,0.0,0.0,0.0,0.0,0.0
Yartsevo,2020.0,0.0,0.0,0.0,0.0,0.0,0.0,0.0,0.0,0.0,0.0,0.0,0.0,0.0
Abakan,2019.0,12571.0,11563.0,12427.0,13023.0,16641.0,22758.0,27883.0,27391.0,19478.0,16155.0,14745.0,89.8,209772.0
Aikhal,2019.0,0.0,0.0,0.0,0.0,0.0,0.0,0.0,0.0,0.0,0.0,0.0,0.0,0.0
Loss,2019.0,0.0,0.0,0.0,0.0,0.0,0.0,0.0,0.0,0.0,0.0,0.0,0.0,0.0
Amderma,2019.0,0.0,0.0,0.0,0.0,0.0,0.0,0.0,0.0,0.0,0.0,0.0,0.0,0.0
Anadyr (Carbon),2019.0,3785.0,3916.0,5061.0,7169.0,8601.0,10464.0,13569.0,13429.0,11190.0,8370.0,7144.0,199.0,102129.0
Anapa (Vitjazevo),2019.0,52526.0,42294.0,55115.0,59989.0,93349.0,259787.0,328287.0,345629.0,226477.0,73539.0,51820.0,82.1,1641376.0
Apatite (Khibiny),2019.0,0.0,0.0,0.0,0.0,0.0,0.0,0.0,0.0,0.0,0.0,0.0,0.0,0.0
Arkhangelsk (Vaskovo),2019.0,0.0,0.0,0.0,0.0,0.0,0.0,0.0,0.0,0.0,0.0,0.0,0.0,0.0
Arkhangelsk (Talagy),2019.0,60528.0,53932.0,64110.0,70235.0,80177.0,91882.0,100833.0,102409.0,84441.0,71691.0,74218.0,307.1,922539.0
Astrakhan (Narimanovo),2019.0,41114.0,39174.0,45243.0,53806.0,61787.0,57785.0,64972.0,67742.0,72390.0,67318.0,51527.0,99.16,672456.0
Trip,2019.0,107.0,131.0,212.0,185.0,149.0,299.0,310.0,311.0,316.0,235.0,218.0,1.54,2604.0
Baykit,2019.0,0.0,0.0,0.0,0.0,0.0,0.0,0.0,0.0,0.0,0.0,0.0,0.0,0.0
Barnaul (Titov Name),2019.0,37798.0,32395.0,36497.0,32040.0,42065.0,52247.0,61579.0,64426.0,48173.0,41638.0,35150.0,309.6,519743.0
In Salah,2019.0,0.0,0.0,0.0,0.0,0.0,0.0,0.0,0.0,0.0,0.0,0.0,0.0,0.0
white Mountain,2019.0,0.0,0.0,0.0,0.0,0.0,0.0,0.0,0.0,0.0,0.0,0.0,0.0,0.0
Belgorod,2019.0,18809.0,17591.0,23221.0,30448.0,45872.0,55952.0,57922.0,58609.0,55720.0,43963.0,32577.0,7.83,468672.0
Novy Urengoy,2019.0,4081.0,3636.0,4891.0,6674.0,6319.0,6364.0,7014.0,7258.0,5805.0,6038.0,6899.0,12.3,71719.0
Belushi,2019.0,0.0,0.0,0.0,0.0,0.0,0.0,0.0,0.0,0.0,0.0,0.0,0.0,0.0
Usinsk,2019.0,0.0,0.0,0.0,0.0,0.0,0.0,0.0,0.0,0.0,0.0,0.0,0.0,0.0
"Beringovsky (Branch PCF ""A / P Chukotka"")",2019.0,23.0,65.0,49.0,109.0,164.0,272.0,370.0,402.0,219.0,275.0,333.0,1.0,2428.0
Blagoveshchensk (Ignatevo),2019.0,35736.0,32902.0,37492.0,38701.0,42689.0,48502.0,56433.0,59256.0,54598.0,50464.0,47072.0,289.4,552802.0
Bovanenkovo,2019.0,0.0,0.0,0.0,0.0,0.0,0.0,0.0,0.0,0.0,0.0,0.0,0.0,0.0
Bogorodskoe,2019.0,209.0,194.0,230.0,211.0,147.0,150.0,206.0,226.0,197.0,145.0,207.0,1.2,2352.0
Bodaybo,2019.0,0.0,0.0,0.0,0.0,0.0,0.0,0.0,0.0,0.0,0.0,0.0,0.0,0.0
Bratsk,2019.0,0.0,0.0,0.0,0.0,0.0,0.0,0.0,0.0,0.0,0.0,0.0,0.0,0.0
Bryansk,2019.0,0.0,0.0,0.0,0.0,0.0,0.0,0.0,0.0,0.0,0.0,0.0,0.0,0.0
Bugulma,2019.0,2824.0,3427.0,3945.0,3734.0,4418.0,3970.0,3682.0,3684.0,3549.0,4125.0,4033.0,1.97,45681.0
Vanavara,2019.0,0.0,0.0,0.0,0.0,0.0,0.0,0.0,0.0,0.0,0.0,0.0,0.0,0.0
Varandey,2019.0,0.0,0.0,0.0,0.0,0.0,0.0,0.0,0.0,0.0,0.0,0.0,0.0,0.0
Верхневилюйск,2019.0,0.0,0.0,0.0,0.0,0.0,0.0,0.0,0.0,0.0,0.0,0.0,0.0,0.0
Vizhas,2019.0,0.0,0.0,0.0,0.0,0.0,0.0,0.0,0.0,0.0,0.0,0.0,0.0,0.0
Viljujsk,2019.0,0.0,0.0,0.0,0.0,0.0,0.0,0.0,0.0,0.0,0.0,0.0,0.0,0.0
Vladivostok (Knevichi),2019.0,200824.0,192686.0,214262.0,216411.0,248751.0,276740.0,335918.0,365140.0,302346.0,283536.0,223592.0,2206.11,3079344.0
Vladikavkaz (Beslan),2019.0,0.0,0.0,0.0,0.0,0.0,0.0,0.0,0.0,0.0,0.0,0.0,0.0,0.0
Vladimir,2019.0,0.0,0.0,0.0,0.0,0.0,0.0,0.0,0.0,0.0,0.0,0.0,0.0,0.0
Volgograd (Gumrak),2019.0,84442.0,78224.0,92919.0,99022.0,109265.0,114718.0,123253.0,122807.0,111189.0,105870.0,87428.0,95.0,1214216.0
Vologda,2019.0,0.0,0.0,0.0,0.0,0.0,0.0,0.0,0.0,0.0,0.0,0.0,0.0,0.0
Volokovaya,2019.0,0.0,0.0,0.0,0.0,0.0,0.0,0.0,0.0,0.0,0.0,0.0,0.0,0.0
Vorkuta,2019.0,1268.0,1221.0,1410.0,1188.0,1503.0,1966.0,2169.0,2411.0,1622.0,946.0,1118.0,1.54,17624.0
Voronezh (Chertovitskoe),2019.0,45486.0,43981.0,50712.0,57390.0,80879.0,92276.0,97587.0,101244.0,92382.0,79300.0,57866.0,26.76,856969.0
Gelendzhik,2019.0,0.0,0.0,0.0,0.0,0.0,0.0,0.0,0.0,0.0,0.0,0.0,0.0,0.0
Gorno-Altaisk,2019.0,2792.0,2766.0,3519.0,4047.0,7115.0,11484.0,16440.0,17131.0,13332.0,8714.0,7293.0,0.0,102338.0
Terrible (North),2019.0,0.0,0.0,0.0,0.0,0.0,0.0,0.0,0.0,0.0,0.0,0.0,0.0,0.0
deputy,2019.0,0.0,0.0,0.0,0.0,0.0,0.0,0.0,0.0,0.0,0.0,0.0,0.0,0.0
Dixon,2019.0,0.0,0.0,0.0,0.0,0.0,0.0,0.0,0.0,0.0,0.0,0.0,0.0,0.0
Ekaterinburg (Koltsovo),2019.0,407644.0,363738.0,444428.0,452243.0,522244.0,612407.0,685368.0,691949.0,633417.0,549607.0,436987.0,1673.96,6232318.0
Pitorafik,2019.0,0.0,0.0,0.0,0.0,0.0,0.0,0.0,0.0,0.0,0.0,0.0,0.0,0.0
Erbogaçen,2019.0,0.0,0.0,0.0,0.0,0.0,0.0,0.0,0.0,0.0,0.0,0.0,0.0,0.0
Jigansk,2019.0,0.0,0.0,0.0,0.0,0.0,0.0,0.0,0.0,0.0,0.0,0.0,0.0,0.0
Zhukovsky,2019.0,0.0,0.0,0.0,0.0,0.0,0.0,0.0,0.0,0.0,0.0,0.0,0.0,0.0
Gulf Lawrence (Lawrence),2019.0,259.0,206.0,431.0,571.0,685.0,985.0,1020.0,1011.0,809.0,510.0,411.0,14.0,7373.0
Zeyskaya,2019.0,231.0,67.0,73.0,145.0,165.0,286.0,558.0,287.0,181.0,221.0,181.0,0.51,2520.0
Zыrjanka,2019.0,0.0,0.0,0.0,0.0,0.0,0.0,0.0,0.0,0.0,0.0,0.0,0.0,0.0
Ivanovo (Yuzhny),2019.0,1614.0,1589.0,1674.0,1754.0,2092.0,4741.0,6582.0,6832.0,4998.0,2072.0,2022.0,31.29,38273.0
Igarka,2019.0,0.0,0.0,0.0,0.0,0.0,0.0,0.0,0.0,0.0,0.0,0.0,0.0,0.0
Vorkuta,2019.0,0.0,0.0,0.0,0.0,0.0,0.0,0.0,0.0,0.0,0.0,0.0,0.0,0.0
Izhevsk,2019.0,0.0,0.0,0.0,0.0,0.0,0.0,0.0,0.0,0.0,0.0,0.0,0.0,0.0
Izhma,2019.0,0.0,0.0,0.0,0.0,0.0,0.0,0.0,0.0,0.0,0.0,0.0,0.0,0.0
Indiga,2019.0,0.0,0.0,0.0,0.0,0.0,0.0,0.0,0.0,0.0,0.0,0.0,0.0,0.0
Inta,2019.0,0.0,0.0,0.0,0.0,0.0,0.0,0.0,0.0,0.0,0.0,0.0,0.0,0.0
Yoshkar-Ola,2019.0,38.0,32.0,33.0,51.0,40.0,40.0,442.0,1288.0,1158.0,1257.0,1125.0,0.0,6574.0
Irkutsk,2019.0,175166.0,168698.0,188144.0,159775.0,175495.0,221154.0,271463.0,278474.0,229620.0,192907.0,180789.0,851.02,2433794.0
Kazan,2019.0,0.0,0.0,0.0,0.0,0.0,0.0,0.0,0.0,0.0,0.0,0.0,0.0,0.0
Kaliningrad (Hrabrovo),2019.0,149074.0,124194.0,162732.0,189284.0,221050.0,222213.0,263190.0,271994.0,222790.0,199406.0,176074.0,740.46,2370157.0
Kaluga (Grabtsevo),2019.0,3670.0,3328.0,4052.0,8863.0,13071.0,12824.0,15713.0,14165.0,13142.0,13142.0,8732.0,2.21,119667.0
Karatayka,2019.0,0.0,0.0,0.0,0.0,0.0,0.0,0.0,0.0,0.0,0.0,0.0,0.0,0.0
Kemerovo,2019.0,39124.0,32452.0,37645.0,34859.0,42709.0,50638.0,53175.0,53958.0,48088.0,43418.0,37886.0,155.12,512916.0
Keperveem,2019.0,1104.0,1257.0,1448.0,2146.0,1911.0,2147.0,2490.0,2415.0,2203.0,2593.0,1987.0,190.0,23553.0
Ust-kut,2019.0,0.0,0.0,0.0,0.0,0.0,0.0,0.0,0.0,0.0,0.0,0.0,0.0,0.0
Kirov (Pobedilovo),2019.0,16988.0,16221.0,17370.0,16998.0,17683.0,22397.0,25525.0,25568.0,22081.0,19258.0,20424.0,11.2,240842.0
Kogalym,2019.0,9637.0,9173.0,9876.0,10108.0,12037.0,12877.0,14075.0,14481.0,12676.0,10639.0,9937.0,5.68,135978.0
Kodinsk,2019.0,0.0,0.0,0.0,0.0,0.0,0.0,0.0,0.0,0.0,0.0,0.0,0.0,0.0
Komsomolsk-on-Amur,2019.0,86.0,136.0,115.0,213.0,163.0,924.0,1305.0,1454.0,1304.0,1382.0,691.0,234.9,8703.0
Kondinskoye,2019.0,0.0,0.0,0.0,0.0,0.0,0.0,0.0,0.0,0.0,0.0,0.0,0.0,0.0
Kostroma,2019.0,0.0,0.0,0.0,0.0,0.0,0.0,0.0,0.0,0.0,0.0,0.0,0.0,0.0
Kotkin,2019.0,0.0,0.0,0.0,0.0,0.0,0.0,0.0,0.0,0.0,0.0,0.0,0.0,0.0
Kotlas,2019.0,0.0,0.0,0.0,0.0,0.0,0.0,0.0,0.0,0.0,0.0,0.0,0.0,0.0
Krasnodar (Paszkowski),2019.0,310912.0,269665.0,319319.0,360914.0,403364.0,425943.0,473843.0,489943.0,442423.0,410965.0,373861.0,639.68,4630770.0
Krasnoselkup,2019.0,0.0,0.0,0.0,0.0,0.0,0.0,0.0,0.0,0.0,0.0,0.0,0.0,0.0
Krasnoyarsk,2019.0,174087.0,163385.0,201804.0,188057.0,192311.0,224826.0,246575.0,267016.0,227599.0,200533.0,193048.0,1570.68,2481914.0
Krasnoyarsk (Cheremshanka),2019.0,2512.0,2716.0,4655.0,4071.0,4528.0,5988.0,8348.0,7781.0,5457.0,4298.0,4805.0,87.77,60142.0
Mound,2019.0,0.0,0.0,0.0,0.0,0.0,0.0,0.0,0.0,0.0,0.0,0.0,0.0,0.0
Kurilsk (Clear),2019.0,0.0,0.0,0.0,0.0,0.0,0.0,0.0,0.0,0.0,0.0,0.0,0.0,0.0
Kursk (Eastern),2019.0,1179.0,1687.0,2037.0,2774.0,2557.0,3621.0,5129.0,4340.0,3739.0,3975.0,3645.0,0.2,38161.0
red,2019.0,3957.0,3799.0,4359.0,4755.0,5032.0,5752.0,6534.0,6841.0,5609.0,5976.0,5934.0,1.82,64675.0
Labozhskoe,2019.0,0.0,0.0,0.0,0.0,0.0,0.0,0.0,0.0,0.0,0.0,0.0,0.0,0.0
Zabaykalsk,2019.0,3255.0,3039.0,3833.0,4165.0,3802.0,4595.0,4692.0,4760.0,3718.0,4014.0,3880.0,28.49,47565.0
Лешуконское,2019.0,0.0,0.0,0.0,0.0,0.0,0.0,0.0,0.0,0.0,0.0,0.0,0.0,0.0
Lipetsk,2019.0,0.0,0.0,0.0,0.0,0.0,0.0,0.0,0.0,0.0,0.0,0.0,0.0,0.0
Magadan (Falcon),2019.0,25081.0,23694.0,28325.0,29903.0,33532.0,41539.0,49507.0,46862.0,43689.0,39057.0,31985.0,929.0,425652.0
Magnitogorsk,2019.0,0.0,0.0,0.0,0.0,0.0,0.0,0.0,0.0,0.0,0.0,0.0,0.0,0.0
Mom,2019.0,0.0,0.0,0.0,0.0,0.0,0.0,0.0,0.0,0.0,0.0,0.0,0.0,0.0
Manila,2019.0,0.0,0.0,0.0,0.0,0.0,0.0,0.0,0.0,0.0,0.0,0.0,0.0,0.0
brand,2019.0,118.0,105.0,272.0,215.0,191.0,240.0,233.0,384.0,306.0,242.0,139.0,20.0,2650.0
Makhachkala (Uytash),2019.0,125034.0,104806.0,113625.0,115586.0,117348.0,131869.0,150645.0,156376.0,132037.0,128568.0,111515.0,294.1,1500690.0
Mezhdurechensk,2019.0,0.0,0.0,0.0,0.0,0.0,0.0,0.0,0.0,0.0,0.0,0.0,0.0,0.0
Mezen,2019.0,0.0,0.0,0.0,0.0,0.0,0.0,0.0,0.0,0.0,0.0,0.0,0.0,0.0
Milkovo,2019.0,0.0,0.0,0.0,0.0,0.0,0.0,0.0,0.0,0.0,0.0,0.0,0.0,0.0
Mineral water,2019.0,175830.0,155575.0,179483.0,191407.0,228967.0,228486.0,262486.0,268710.0,243432.0,233202.0,182557.0,161.39,2526419.0
Peaceful,2019.0,26291.0,23646.0,27673.0,26630.0,28758.0,32399.0,39253.0,39226.0,32394.0,30270.0,27883.0,599.46,363545.0
Moscow (Vnukovo),2019.0,1512315.0,1346307.0,1603303.0,1768231.0,2140594.0,2351071.0,2647005.0,2635114.0,2486300.0,2182880.0,1672030.0,5313.91,24001521.0
Moscow (Domodedovo),2019.0,1853642.0,1600017.0,1991136.0,2118931.0,2501917.0,2682233.0,3044152.0,3159854.0,2798581.0,2468083.0,2033543.0,10468.84,28252337.0
Moscow (Ostafyevo),2019.0,0.0,0.0,0.0,0.0,0.0,0.0,0.0,0.0,0.0,0.0,0.0,0.0,0.0
Moscow (Sheremetyevo),2019.0,3553862.0,3270201.0,3791106.0,3931552.0,4064441.0,4561143.0,5157112.0,5216328.0,4587248.0,4255424.0,3526948.0,32533.8,49438545.0
Мотыгино,2019.0,0.0,0.0,0.0,0.0,0.0,0.0,0.0,0.0,0.0,0.0,0.0,0.0,0.0
Murmansk,2019.0,77851.0,79519.0,79915.0,73623.0,80823.0,91226.0,99508.0,98506.0,89007.0,83548.0,80060.0,211.67,1029661.0
Cape-Stone,2019.0,0.0,0.0,0.0,0.0,0.0,0.0,0.0,0.0,0.0,0.0,0.0,0.0,0.0
Nadym,2019.0,14122.0,12231.0,14621.0,15463.0,19489.0,20090.0,21509.0,22898.0,20259.0,17581.0,15908.0,33.49,212451.0
Nazran (Magas),2019.0,0.0,0.0,0.0,0.0,0.0,0.0,0.0,0.0,0.0,0.0,0.0,0.0,0.0
Nalchik,2019.0,0.0,0.0,0.0,0.0,0.0,0.0,0.0,0.0,0.0,0.0,0.0,0.0,0.0
Naryan-Mar,2019.0,0.0,0.0,0.0,0.0,0.0,0.0,0.0,0.0,0.0,0.0,0.0,0.0,0.0
Nelkan,2019.0,0.0,0.0,0.0,0.0,0.0,0.0,0.0,0.0,0.0,0.0,0.0,0.0,0.0
Nerungri (Chulman),2019.0,0.0,0.0,0.0,0.0,0.0,0.0,0.0,0.0,0.0,0.0,0.0,0.0,0.0
Nes,2019.0,0.0,0.0,0.0,0.0,0.0,0.0,0.0,0.0,0.0,0.0,0.0,0.0,0.0
Nižneangarsk,2019.0,0.0,0.0,0.0,0.0,0.0,0.0,0.0,0.0,0.0,0.0,0.0,0.0,0.0
Nizhnevartovsk,2019.0,46586.0,40438.0,50549.0,53472.0,60361.0,79447.0,91839.0,88323.0,69777.0,58135.0,52771.0,191.2,749520.0
Kazan (Begiševo),2019.0,53622.0,48178.0,56492.0,59711.0,73273.0,79505.0,82972.0,80890.0,71631.0,67482.0,53788.0,53.81,782501.0
Nizhny Novgorod (Strigino),2019.0,61818.0,53821.0,67102.0,76634.0,101102.0,122324.0,129924.0,132268.0,124669.0,102303.0,73845.0,130.57,1114056.0
lower Pesha,2019.0,0.0,0.0,0.0,0.0,0.0,0.0,0.0,0.0,0.0,0.0,0.0,0.0,0.0
Nikolaevsk-on-Amur,2019.0,2501.0,2439.0,3261.0,3396.0,3501.0,4043.0,4769.0,5128.0,4288.0,3819.0,3607.0,3.47,43989.0
Nikolskoye,2019.0,0.0,0.0,0.0,0.0,0.0,0.0,0.0,0.0,0.0,0.0,0.0,0.0,0.0
Novokuznetsk (Spichenkovo),2019.0,18004.0,17502.0,19156.0,17187.0,18704.0,24419.0,28536.0,28390.0,22849.0,19583.0,20405.0,119.1,256150.0
Novosibirsk (Tolmachyovo),2019.0,442780.0,393826.0,457416.0,468201.0,516654.0,624868.0,703824.0,716701.0,635598.0,566197.0,515873.0,2742.4,6571396.0
New Urengoy,2019.0,74970.0,67742.0,78280.0,77484.0,84474.0,84834.0,87221.0,91628.0,85727.0,79203.0,77390.0,353.94,973705.0
Nogliki,2019.0,2867.0,2977.0,3065.0,3755.0,4093.0,7895.0,10048.0,9646.0,4138.0,4370.0,3533.0,3.76,59587.0
Norilsk,2019.0,32173.0,26142.0,32352.0,36850.0,47962.0,50396.0,59999.0,62593.0,51623.0,41117.0,36290.0,1202.5,514501.0
Noyabrsk,2019.0,14737.0,14303.0,16846.0,17019.0,19166.0,21270.0,24636.0,23852.0,19647.0,18307.0,17924.0,58.27,228365.0
Нюрба,2019.0,0.0,0.0,0.0,0.0,0.0,0.0,0.0,0.0,0.0,0.0,0.0,0.0,0.0
Nyagan,2019.0,0.0,0.0,0.0,0.0,0.0,0.0,0.0,0.0,0.0,0.0,0.0,0.0,0.0
Luengo,2019.0,0.0,0.0,0.0,0.0,0.0,0.0,0.0,0.0,0.0,0.0,0.0,0.0,0.0
Olekminsk,2019.0,0.0,0.0,0.0,0.0,0.0,0.0,0.0,0.0,0.0,0.0,0.0,0.0,0.0
SUV,2019.0,0.0,0.0,0.0,0.0,0.0,0.0,0.0,0.0,0.0,0.0,0.0,0.0,0.0
ohm,2019.0,0.0,0.0,0.0,0.0,0.0,0.0,0.0,0.0,0.0,0.0,0.0,0.0,0.0
Omolon,2019.0,141.0,83.0,55.0,97.0,118.0,155.0,154.0,119.0,146.0,128.0,96.0,18.0,1403.0
Omsk (central),2019.0,85810.0,75014.0,87666.0,92955.0,111009.0,132581.0,155607.0,152923.0,135760.0,109576.0,101913.0,388.0,1348505.0
Omsukçan,2019.0,433.0,395.0,560.0,800.0,671.0,682.0,845.0,785.0,896.0,865.0,663.0,19.47,8053.0
Orenburg (central),2019.0,47483.0,39077.0,47775.0,52789.0,68700.0,79764.0,93434.0,96226.0,80390.0,69230.0,52768.0,134.74,783647.0
Ossora,2019.0,0.0,0.0,0.0,0.0,0.0,0.0,0.0,0.0,0.0,0.0,0.0,0.0,0.0
Okha,2019.0,1774.0,2061.0,2533.0,2464.0,2973.0,4632.0,5706.0,5876.0,4725.0,3446.0,2937.0,5.31,42328.0
Okhotsk,2019.0,1682.0,1708.0,2110.0,2292.0,2239.0,2872.0,3155.0,3441.0,3136.0,3026.0,2237.0,112.09,30499.0
Palana,2019.0,0.0,0.0,0.0,0.0,0.0,0.0,0.0,0.0,0.0,0.0,0.0,0.0,0.0
Pahachi,2019.0,0.0,0.0,0.0,0.0,0.0,0.0,0.0,0.0,0.0,0.0,0.0,0.0,0.0
Pevek,2019.0,904.0,1514.0,1683.0,2262.0,2001.0,1918.0,1966.0,2192.0,2976.0,2008.0,2330.0,110.0,23905.0
Penza,2019.0,12472.0,12875.0,13686.0,14100.0,14372.0,17336.0,19065.0,18747.0,17007.0,15974.0,15375.0,0.82,186175.0
Perm (Bolshoye Savino),2019.0,0.0,0.0,0.0,0.0,0.0,0.0,0.0,0.0,0.0,0.0,0.0,0.0,0.0
Petrozavodsk,2019.0,0.0,0.0,0.0,0.0,0.0,0.0,0.0,0.0,0.0,0.0,0.0,0.0,0.0
Petropavlovsk (Yelizovo),2019.0,42810.0,36869.0,44982.0,49201.0,59749.0,76128.0,95580.0,103159.0,84519.0,61738.0,50965.0,885.49,757698.0
Pechora,2019.0,0.0,0.0,0.0,0.0,0.0,0.0,0.0,0.0,0.0,0.0,0.0,0.0,0.0
pioneer,2019.0,0.0,0.0,0.0,0.0,0.0,0.0,0.0,0.0,0.0,0.0,0.0,0.0,0.0
Plast,2019.0,0.0,0.0,0.0,0.0,0.0,0.0,0.0,0.0,0.0,0.0,0.0,0.0,0.0
Podkamyennaya Tunguska,2019.0,0.0,0.0,0.0,0.0,0.0,0.0,0.0,0.0,0.0,0.0,0.0,0.0,0.0
Pauline Osipenko,2019.0,0.0,0.0,7.0,0.0,0.0,0.0,0.0,0.0,0.0,0.0,0.0,0.0,7.0
Polar,2019.0,4160.0,3916.0,4703.0,4798.0,5977.0,6422.0,7796.0,8391.0,6706.0,5065.0,5343.0,116.17,68875.0
Providence (Providence Harbor),2019.0,265.0,193.0,251.0,590.0,522.0,637.0,735.0,788.0,604.0,521.0,268.0,6.0,5821.0
Pskov (crosses),2019.0,0.0,0.0,0.0,0.0,0.0,0.0,0.0,0.0,0.0,0.0,0.0,0.0,0.0
Rostov-on-Don (fee),2019.0,0.0,0.0,0.0,0.0,0.0,0.0,0.0,0.0,0.0,0.0,0.0,0.0,0.0
Sabetta,2019.0,0.0,0.0,0.0,0.0,0.0,0.0,0.0,0.0,0.0,0.0,0.0,0.0,0.0
Sakkırır,2019.0,0.0,0.0,0.0,0.0,0.0,0.0,0.0,0.0,0.0,0.0,0.0,0.0,0.0
Salekhard,2019.0,0.0,0.0,0.0,0.0,0.0,0.0,0.0,0.0,0.0,0.0,0.0,0.0,0.0
Samara (Kurumoch),2019.0,191566.0,172693.0,209237.0,213873.0,280316.0,295448.0,321047.0,318637.0,298567.0,270058.0,216584.0,306.81,2999252.0
Sangar,2019.0,0.0,0.0,0.0,0.0,0.0,0.0,0.0,0.0,0.0,0.0,0.0,0.0,0.0
Saint Petersburg (Pulkovo),2019.0,1230150.0,1082934.0,1331310.0,1426644.0,1708252.0,1988483.0,2206477.0,2221090.0,1954843.0,1710904.0,1374406.0,2585.0,19581262.0
Saransk,2019.0,7405.0,6304.0,7509.0,8858.0,9095.0,9290.0,8106.0,7763.0,7718.0,7014.0,6215.0,1.0,90552.0
Saratov (Gagarin),2019.0,0.0,0.0,0.0,0.0,0.0,0.0,0.0,0.0,0.0,0.0,0.0,0.0,0.0
Saratov (central),2019.0,32725.0,33512.0,39205.0,41802.0,39784.0,48965.0,56743.0,35232.0,0.0,0.0,0.0,0.0,327968.0
Saskılah,2019.0,0.0,0.0,0.0,0.0,0.0,0.0,0.0,0.0,0.0,0.0,0.0,0.0,0.0
Svetlogorsk,2019.0,0.0,0.0,0.0,0.0,0.0,0.0,0.0,0.0,0.0,0.0,0.0,0.0,0.0
North-Yenisei,2019.0,0.0,0.0,0.0,0.0,0.0,0.0,0.0,0.0,0.0,0.0,0.0,0.0,0.0
North Even,2019.0,0.0,0.0,0.0,0.0,0.0,0.0,0.0,0.0,0.0,0.0,0.0,0.0,0.0
Seymçan,2019.0,0.0,0.0,0.0,0.0,0.0,0.0,0.0,0.0,0.0,0.0,0.0,0.0,0.0
Simferopol,2019.0,0.0,0.0,0.0,0.0,0.0,0.0,0.0,0.0,0.0,0.0,0.0,0.0,0.0
sheaf,2019.0,0.0,0.0,0.0,0.0,0.0,0.0,0.0,0.0,0.0,0.0,0.0,0.0,0.0
Sobolevo,2019.0,0.0,0.0,0.0,0.0,0.0,0.0,0.0,0.0,0.0,0.0,0.0,0.0,0.0
Sovetskaya Gavan,2019.0,0.0,0.0,0.0,0.0,0.0,0.0,0.0,0.0,0.0,0.0,0.0,0.0,0.0
Soviet,2019.0,0.0,0.0,0.0,0.0,0.0,0.0,0.0,0.0,0.0,0.0,0.0,0.0,0.0
Solovki,2019.0,0.0,0.0,0.0,0.0,0.0,0.0,0.0,0.0,0.0,0.0,0.0,0.0,0.0
Sochi,2019.0,413452.0,417075.0,477847.0,463995.0,519988.0,721838.0,854954.0,878955.0,776591.0,508641.0,370989.0,248.14,6760567.0
Среднеколымск,2019.0,0.0,0.0,0.0,0.0,0.0,0.0,0.0,0.0,0.0,0.0,0.0,0.0,0.0
Stavropol (Shpakovskoye),2019.0,29930.0,28121.0,33045.0,31157.0,33950.0,39544.0,42555.0,41897.0,38159.0,33395.0,31068.0,82.0,411895.0
Stary Oskol,2019.0,0.0,0.0,0.0,0.0,0.0,0.0,0.0,0.0,0.0,0.0,0.0,0.0,0.0
Strezhevoy,2019.0,2299.0,2503.0,3117.0,3034.0,4565.0,1838.0,3289.0,3663.0,3089.0,3044.0,3130.0,2.9,36777.0
Samsearn,2019.0,0.0,0.0,0.0,0.0,0.0,0.0,0.0,0.0,0.0,0.0,0.0,0.0,0.0
Surgut,2019.0,127721.0,110460.0,134166.0,133024.0,150656.0,179929.0,208997.0,207784.0,166934.0,150701.0,145244.0,320.78,1866416.0
Syktyvkar,2019.0,31805.0,30755.0,36800.0,36122.0,47431.0,58210.0,68198.0,68066.0,54139.0,45454.0,36405.0,63.74,549748.0
Taz,2019.0,0.0,0.0,0.0,0.0,0.0,0.0,0.0,0.0,0.0,0.0,0.0,0.0,0.0
Таксимо,2019.0,0.0,0.0,0.0,0.0,0.0,0.0,0.0,0.0,0.0,0.0,0.0,0.0,0.0
Talakan,2019.0,0.0,0.0,0.0,0.0,0.0,0.0,0.0,0.0,0.0,0.0,0.0,0.0,0.0
Tambov,2019.0,396.0,896.0,940.0,890.0,916.0,2561.0,3417.0,3893.0,1848.0,1033.0,854.0,0.0,18412.0
Tarko-Sale,2019.0,0.0,0.0,0.0,0.0,0.0,0.0,0.0,0.0,0.0,0.0,0.0,0.0,0.0
Tigil,2019.0,0.0,0.0,0.0,0.0,0.0,0.0,0.0,0.0,0.0,0.0,0.0,0.0,0.0
Tiksi,2019.0,995.0,953.0,1161.0,1369.0,1448.0,1894.0,2128.0,2236.0,1629.0,1400.0,1040.0,99.91,17734.0
Tilichiki,2019.0,0.0,0.0,0.0,0.0,0.0,0.0,0.0,0.0,0.0,0.0,0.0,0.0,0.0
Tobolsk,2019.0,0.0,0.0,0.0,0.0,0.0,0.0,0.0,0.0,0.0,0.0,0.0,0.0,0.0
Tolka,2019.0,0.0,0.0,0.0,0.0,0.0,0.0,0.0,0.0,0.0,0.0,0.0,0.0,0.0
Tomsk (Bogashevo),2019.0,47751.0,47353.0,55743.0,56864.0,59789.0,66550.0,77816.0,81067.0,67911.0,63937.0,53989.0,212.46,732754.0
Tugur,2019.0,0.0,0.0,0.0,0.0,0.0,0.0,0.0,0.0,0.0,0.0,0.0,0.0,0.0
Travel (Mountain),2019.0,0.0,0.0,0.0,0.0,0.0,0.0,0.0,0.0,0.0,0.0,0.0,0.0,0.0
Turukhansk,2019.0,0.0,0.0,0.0,0.0,0.0,0.0,0.0,0.0,0.0,0.0,0.0,0.0,0.0
Ust-Tsilma,2019.0,19.0,44.0,68.0,65.0,53.0,110.0,293.0,44.0,74.0,61.0,30.0,0.0,899.0
Tyumen (Plekhanovo),2019.0,0.0,0.0,0.0,0.0,0.0,0.0,0.0,0.0,0.0,0.0,0.0,0.0,0.0
Tyumen (Roschino),2019.0,134509.0,118561.0,141915.0,145488.0,167938.0,209724.0,234774.0,236084.0,202455.0,164080.0,137855.0,369.0,2039007.0
Uda,2019.0,0.0,0.0,0.0,0.0,0.0,0.0,0.0,0.0,0.0,0.0,0.0,0.0,0.0
Ulan Ude (Mukhino),2019.0,0.0,0.0,0.0,0.0,0.0,0.0,0.0,0.0,0.0,0.0,0.0,0.0,0.0
Ulyanovsk (Barataevka),2019.0,18608.0,18076.0,21446.0,27100.0,32769.0,32087.0,36819.0,37371.0,34203.0,30332.0,27402.0,26.88,344119.0
Ulyanovsk (East),2019.0,53.0,18.0,43.0,239.0,0.0,39.0,2.0,31.0,0.0,64.0,0.0,281.0,497.0
Nyagan,2019.0,0.0,0.0,0.0,0.0,0.0,0.0,0.0,0.0,0.0,0.0,0.0,0.0,0.0
Flora,2019.0,0.0,0.0,0.0,0.0,0.0,0.0,0.0,0.0,0.0,0.0,0.0,0.0,0.0
Urengoy,2019.0,0.0,0.0,0.0,0.0,0.0,0.0,0.0,0.0,0.0,0.0,0.0,0.0,0.0
Usinsk,2019.0,0.0,0.0,0.0,0.0,0.0,0.0,0.0,0.0,0.0,0.0,0.0,0.0,0.0
Ust-Kamchatsk,2019.0,0.0,0.0,0.0,0.0,0.0,0.0,0.0,0.0,0.0,0.0,0.0,0.0,0.0
Ust-Kara,2019.0,0.0,0.0,0.0,0.0,0.0,0.0,0.0,0.0,0.0,0.0,0.0,0.0,0.0
Ust-Kuyga,2019.0,0.0,0.0,0.0,0.0,0.0,0.0,0.0,0.0,0.0,0.0,0.0,0.0,0.0
Ust-Kut,2019.0,0.0,0.0,0.0,0.0,0.0,0.0,0.0,0.0,0.0,0.0,0.0,0.0,0.0
Ust-Maya,2019.0,0.0,0.0,0.0,0.0,0.0,0.0,0.0,0.0,0.0,0.0,0.0,0.0,0.0
Ust-Nera,2019.0,0.0,0.0,0.0,0.0,0.0,0.0,0.0,0.0,0.0,0.0,0.0,0.0,0.0
Ust-Khairyuzovo,2019.0,0.0,0.0,0.0,0.0,0.0,0.0,0.0,0.0,0.0,0.0,0.0,0.0,0.0
Ust-Tsilma,2019.0,0.0,0.0,0.0,0.0,0.0,0.0,0.0,0.0,0.0,0.0,0.0,0.0,0.0
Ufa,2019.0,236704.0,204548.0,245798.0,253361.0,322258.0,339687.0,366716.0,367994.0,339334.0,321862.0,275884.0,423.33,3556533.0
Ukhta,2019.0,0.0,0.0,0.0,0.0,0.0,0.0,0.0,0.0,0.0,0.0,0.0,0.0,0.0
Khabarovsk (MVL),2019.0,0.0,0.0,48.0,0.0,0.0,13.0,0.0,0.0,0.0,0.0,0.0,0.0,61.0
Khabarovsk (New),2019.0,141254.0,128994.0,152419.0,164033.0,175046.0,210702.0,247379.0,247465.0,213725.0,180537.0,160267.0,1951.01,2185051.0
royal,2019.0,0.0,0.0,0.0,0.0,0.0,0.0,0.0,0.0,0.0,0.0,0.0,0.0,0.0
Khanty-Mansiysk,2019.0,21471.0,20900.0,26027.0,33069.0,33827.0,40034.0,44091.0,45641.0,36467.0,34738.0,34932.0,63.06,406445.0
Harwell,2019.0,0.0,0.0,0.0,0.0,0.0,0.0,0.0,0.0,0.0,0.0,0.0,0.0,0.0
Khatanga,2019.0,0.0,0.0,0.0,0.0,1635.0,2123.0,2240.0,2802.0,1696.0,1839.0,1452.0,164.23,15337.0
Herpuchi,2019.0,41.0,40.0,51.0,55.0,66.0,88.0,88.0,143.0,69.0,76.0,85.0,0.49,888.0
Honuu (Girl),2019.0,0.0,0.0,0.0,0.0,0.0,0.0,0.0,0.0,0.0,0.0,0.0,0.0,0.0
Khorey Vere,2019.0,0.0,0.0,0.0,0.0,0.0,0.0,0.0,0.0,0.0,0.0,0.0,0.0,0.0
remedy,2019.0,0.0,0.0,0.0,0.0,0.0,0.0,0.0,0.0,0.0,0.0,0.0,0.0,0.0
Cheboksary,2019.0,21495.0,22216.0,31409.0,32802.0,36690.0,39573.0,40524.0,39563.0,36630.0,33459.0,30527.0,3.9,394586.0
Chyegdomyn,2019.0,0.0,0.0,0.0,0.0,0.0,0.0,0.0,0.0,0.0,0.0,0.0,0.0,0.0
Chelyabinsk (Balandino),2019.0,107311.0,93833.0,109607.0,116719.0,146799.0,173754.0,185390.0,189654.0,170800.0,160682.0,127001.0,333.55,1713532.0
Cherepovets,2019.0,0.0,0.0,0.0,0.0,0.0,0.0,0.0,0.0,0.0,0.0,0.0,0.0,0.0
Cherskiy,2019.0,0.0,0.0,0.0,0.0,0.0,0.0,0.0,0.0,0.0,0.0,0.0,0.0,0.0
Chizha,2019.0,0.0,0.0,0.0,0.0,0.0,0.0,0.0,0.0,0.0,0.0,0.0,0.0,0.0
Reads (tub),2019.0,27403.0,23084.0,28171.0,30599.0,35745.0,45364.0,52440.0,53527.0,44100.0,40849.0,36907.0,245.59,455350.0
Çokurdah,2019.0,0.0,0.0,0.0,0.0,0.0,0.0,0.0,0.0,0.0,0.0,0.0,0.0,0.0
Çumikan,2019.0,220.0,222.0,238.0,282.0,193.0,440.0,369.0,401.0,440.0,347.0,327.0,3.89,3762.0
Shakhtars'k,2019.0,20.0,0.0,0.0,210.0,301.0,357.0,640.0,793.0,424.0,277.0,286.0,0.04,3534.0
Şoyna,2019.0,0.0,0.0,0.0,0.0,0.0,0.0,0.0,0.0,0.0,0.0,0.0,0.0,0.0
Shushenskoe,2019.0,42.0,22.0,174.0,28.0,266.0,224.0,155.0,145.0,63.0,126.0,30.0,0.0,1313.0
Egvekinot (Bay Cross),2019.0,345.0,263.0,401.0,674.0,966.0,1039.0,1196.0,1168.0,1187.0,813.0,521.0,8.0,9167.0
Ekimçan,2019.0,5.0,0.0,8.0,0.0,52.0,13.0,89.0,279.0,16.0,6.0,0.0,0.0,503.0
Elista,2019.0,0.0,0.0,0.0,0.0,0.0,0.0,0.0,0.0,0.0,0.0,0.0,0.0,0.0
South kurilsk (Mendeleevo),2019.0,0.0,0.0,0.0,0.0,0.0,0.0,0.0,0.0,0.0,0.0,0.0,0.0,0.0
Yuzhno-(Khomutovo),2019.0,75603.0,74074.0,80605.0,81718.0,94425.0,120440.0,139389.0,138921.0,115530.0,100482.0,93423.0,1024.39,1209161.0
Yakutsk,2019.0,51858.0,51326.0,65188.0,73161.0,70950.0,93695.0,115339.0,118026.0,92665.0,78531.0,69091.0,1256.78,949746.0
Yakutsk (Magan),2019.0,0.0,0.0,0.0,0.0,0.0,0.0,0.0,0.0,0.0,0.0,0.0,0.0,0.0
Yamburg,2019.0,5413.0,5462.0,5470.0,5433.0,5101.0,4930.0,4175.0,4841.0,4988.0,5110.0,5393.0,0.36,61756.0
Yaroslavl (Tunoshna),2019.0,1836.0,1770.0,1828.0,1555.0,1930.0,4187.0,5215.0,5704.0,5164.0,3881.0,2966.0,0.0,39079.0
Yartsevo,2019.0,0.0,0.0,0.0,0.0,0.0,0.0,0.0,0.0,0.0,0.0,0.0,0.0,0.0
Abakan,2018.0,11851.0,10504.0,11591.0,12323.0,14314.0,19935.0,25213.0,25507.0,19295.0,15815.0,15645.0,98.93,197222.0
Aikhal,2018.0,0.0,0.0,0.0,0.0,0.0,0.0,0.0,0.0,0.0,0.0,0.0,0.0,0.0
Loss,2018.0,0.0,0.0,0.0,0.0,0.0,0.0,0.0,0.0,0.0,0.0,0.0,0.0,0.0
Amderma,2018.0,0.0,0.0,0.0,0.0,0.0,0.0,0.0,0.0,0.0,0.0,0.0,0.0,0.0
Anadyr,2018.0,5128.0,4447.0,5456.0,7650.0,8364.0,10563.0,13402.0,13751.0,10065.0,9142.0,8305.0,204.53,102806.0
Anapa (Vitjazevo),2018.0,40338.0,32232.0,32232.0,56658.0,94249.0,219472.0,294101.0,311263.0,207505.0,81880.0,61219.0,74.47,1487382.0
Apatite (Khibiny),2018.0,0.0,0.0,0.0,0.0,0.0,0.0,0.0,0.0,0.0,0.0,0.0,0.0,0.0
Arkhangelsk (Vaskovo),2018.0,0.0,0.0,0.0,0.0,0.0,0.0,0.0,0.0,0.0,0.0,0.0,0.0,0.0
Arkhangelsk (Talagy),2018.0,61727.0,56015.0,65240.0,67853.0,80438.0,97057.0,107634.0,107201.0,89288.0,77970.0,67523.0,256.51,942972.0
Astrakhan (Narimanovo),2018.0,39578.0,37537.0,42383.0,50028.0,56043.0,46546.0,56329.0,59163.0,62552.0,58877.0,43975.0,90.84,597038.0
Trip,2018.0,0.0,0.0,0.0,0.0,0.0,0.0,342.0,360.0,280.0,194.0,196.0,5.2,0.0
Barnaul (Titov Name),2018.0,0.0,0.0,0.0,0.0,0.0,0.0,56898.0,58984.0,52682.0,40381.0,39946.0,277.0,0.0
In Salah,2018.0,0.0,0.0,0.0,0.0,0.0,0.0,0.0,0.0,0.0,0.0,0.0,0.0,0.0
white Mountain,2018.0,0.0,0.0,0.0,0.0,0.0,0.0,0.0,0.0,0.0,0.0,0.0,0.0,0.0
Belgorod,2018.0,0.0,0.0,0.0,0.0,0.0,0.0,0.0,54722.0,49487.0,39644.0,26707.0,6.34,0.0
Novy Urengoy,2018.0,3646.0,3274.0,4105.0,5537.0,6834.0,6816.0,6928.0,7319.0,5832.0,6304.0,6819.0,14.7,69183.0
Belushi,2018.0,0.0,0.0,0.0,0.0,0.0,0.0,0.0,0.0,0.0,0.0,0.0,0.0,0.0
Usinsk,2018.0,0.0,0.0,0.0,0.0,0.0,0.0,0.0,0.0,0.0,0.0,0.0,0.0,0.0
"Beringovsky (Branch PCF ""A / P Chukotka"")",2018.0,0.0,0.0,0.0,0.0,0.0,0.0,0.0,403.0,225.0,318.0,278.0,9.0,0.0
Blagoveshchensk,2018.0,29161.0,27966.0,30016.0,29923.0,32882.0,32420.0,38058.0,39776.0,40830.0,36961.0,36462.0,341.7,412835.0
Bovanenkovo,2018.0,0.0,0.0,0.0,0.0,0.0,0.0,0.0,0.0,0.0,0.0,0.0,0.0,0.0
Bogorodskoe,2018.0,0.0,0.0,0.0,0.0,0.0,0.0,234.0,214.0,215.0,242.0,215.0,0.07,0.0
Bodaybo,2018.0,0.0,0.0,0.0,0.0,0.0,0.0,0.0,0.0,0.0,0.0,0.0,0.0,0.0
Bratsk,2018.0,0.0,0.0,0.0,0.0,0.0,0.0,0.0,0.0,0.0,0.0,0.0,0.0,0.0
Bryansk,2018.0,0.0,0.0,0.0,0.0,0.0,0.0,0.0,0.0,0.0,0.0,0.0,0.0,0.0
Bugulma,2018.0,3164.0,2917.0,3730.0,3460.0,3825.0,4106.0,3278.0,2954.0,3801.0,4131.0,3909.0,1.15,43182.0
Varandey,2018.0,0.0,0.0,0.0,0.0,0.0,0.0,0.0,0.0,0.0,0.0,0.0,0.0,0.0
Верхневилюйск,2018.0,0.0,0.0,0.0,0.0,0.0,0.0,0.0,0.0,0.0,0.0,0.0,0.0,0.0
Vizhas,2018.0,0.0,0.0,0.0,0.0,0.0,0.0,0.0,0.0,0.0,0.0,0.0,0.0,0.0
Viljujsk,2018.0,0.0,0.0,0.0,0.0,0.0,0.0,0.0,0.0,0.0,0.0,0.0,0.0,0.0
Vladivostok (Knevichi),2018.0,162978.0,151351.0,168479.0,192817.0,201189.0,232715.0,287919.0,310634.0,278218.0,240483.0,200803.0,2635.39,2633630.0
Vladikavkaz (Beslan),2018.0,0.0,0.0,0.0,0.0,0.0,0.0,0.0,0.0,0.0,0.0,0.0,0.0,0.0
Vladimir,2018.0,0.0,0.0,0.0,0.0,0.0,0.0,0.0,0.0,0.0,0.0,0.0,0.0,0.0
Volgograd (Gumrak),2018.0,80860.0,69903.0,76312.0,82861.0,98856.0,131577.0,113791.0,108242.0,103163.0,98060.0,89273.0,101.0,1142878.0
Vologda,2018.0,0.0,0.0,0.0,0.0,0.0,0.0,0.0,0.0,0.0,0.0,0.0,0.0,0.0
Volokovaya,2018.0,0.0,0.0,0.0,0.0,0.0,0.0,0.0,0.0,0.0,0.0,0.0,0.0,0.0
Vorkuta,2018.0,1416.0,1337.0,1661.0,1500.0,1812.0,2141.0,2450.0,3046.0,2264.0,1937.0,1238.0,12.62,22275.0
Voronezh (Chertovitskoe),2018.0,44476.0,40097.0,44615.0,47830.0,66153.0,86780.0,88692.0,88488.0,82042.0,70163.0,54836.0,22.04,766291.0
Gelendzhik,2018.0,0.0,0.0,0.0,0.0,0.0,0.0,0.0,0.0,0.0,0.0,0.0,0.0,0.0
Gorno-Altaisk,2018.0,0.0,0.0,0.0,0.0,0.0,0.0,11683.0,11811.0,8035.0,3497.0,2306.0,0.0,0.0
Terrible (North),2018.0,0.0,0.0,0.0,0.0,0.0,0.0,0.0,0.0,0.0,0.0,0.0,0.0,0.0
deputy,2018.0,0.0,0.0,0.0,0.0,0.0,0.0,0.0,0.0,0.0,0.0,0.0,0.0,0.0
Dixon,2018.0,0.0,0.0,0.0,0.0,0.0,0.0,0.0,0.0,0.0,0.0,0.0,0.0,0.0
Ekaterinburg (Koltsovo),2018.0,381753.0,336692.0,392763.0,421672.0,485899.0,629099.0,657294.0,672918.0,619903.0,518438.0,422042.0,1707.16,5953782.0
Erbogaçen,2018.0,0.0,0.0,0.0,0.0,0.0,0.0,0.0,0.0,0.0,0.0,0.0,0.0,0.0
Jigansk,2018.0,0.0,0.0,0.0,0.0,0.0,0.0,0.0,0.0,0.0,0.0,0.0,0.0,0.0
Zhukovsky,2018.0,0.0,0.0,0.0,0.0,0.0,0.0,0.0,0.0,0.0,0.0,0.0,0.0,0.0
Gulf Lawrence (Lawrence),2018.0,0.0,0.0,0.0,0.0,0.0,0.0,0.0,1072.0,697.0,611.0,444.0,13.0,0.0
Zeyskaya,2018.0,0.0,0.0,0.0,0.0,0.0,0.0,278.0,212.0,182.0,252.0,229.0,0.97,0.0
Zыrjanka,2018.0,0.0,0.0,0.0,0.0,0.0,0.0,0.0,0.0,0.0,0.0,0.0,0.0,0.0
Ivanovo (Yuzhny),2018.0,496.0,756.0,862.0,411.0,667.0,2331.0,4023.0,4309.0,3432.0,1552.0,1997.0,42.87,22684.0
Igarka,2018.0,0.0,0.0,0.0,0.0,0.0,0.0,0.0,0.0,0.0,0.0,0.0,0.0,0.0
Vorkuta,2018.0,0.0,0.0,0.0,0.0,0.0,0.0,0.0,0.0,0.0,0.0,0.0,0.0,0.0
Izhevsk,2018.0,0.0,0.0,0.0,0.0,0.0,0.0,0.0,0.0,0.0,0.0,0.0,0.0,0.0
Izhma,2018.0,0.0,0.0,0.0,0.0,0.0,0.0,0.0,0.0,0.0,0.0,0.0,0.0,0.0
Indiga,2018.0,0.0,0.0,0.0,0.0,0.0,0.0,0.0,0.0,0.0,0.0,0.0,0.0,0.0
Inta,2018.0,0.0,0.0,0.0,0.0,0.0,0.0,0.0,0.0,0.0,0.0,0.0,0.0,0.0
Yoshkar-Ola,2018.0,0.0,0.0,0.0,0.0,0.0,0.0,0.0,0.0,0.0,0.0,0.0,0.0,0.0
Irkutsk,2018.0,137330.0,135018.0,149885.0,147448.0,161482.0,192665.0,250391.0,259892.0,213076.0,183607.0,170150.0,911.71,2181998.0
Kazan,2018.0,0.0,0.0,0.0,0.0,0.0,0.0,0.0,0.0,0.0,0.0,0.0,0.0,0.0
Kaliningrad (Hrabrovo),2018.0,116367.0,97799.0,124927.0,153803.0,198729.0,244200.0,251843.0,267604.0,203343.0,180673.0,158096.0,738.16,2149413.0
Kaluga,2018.0,0.0,0.0,0.0,0.0,0.0,0.0,7156.0,7142.0,5830.0,4585.0,3927.0,0.67,0.0
Karatayka,2018.0,0.0,0.0,0.0,0.0,0.0,0.0,0.0,0.0,0.0,0.0,0.0,0.0,0.0
Kemerovo,2018.0,29966.0,24417.0,31259.0,36443.0,43348.0,46586.0,52751.0,51830.0,51443.0,42820.0,41769.0,136.72,494295.0
Keperveem,2018.0,1190.0,1364.0,1625.0,2160.0,2125.0,2320.0,2358.0,2740.0,2101.0,2327.0,1656.0,204.0,23625.0
Ust-kut,2018.0,0.0,0.0,0.0,0.0,0.0,0.0,0.0,0.0,0.0,0.0,0.0,0.0,0.0
Kirov,2018.0,0.0,0.0,0.0,0.0,0.0,0.0,0.0,0.0,0.0,0.0,0.0,0.0,0.0
Kogalym,2018.0,10534.0,10077.0,10534.0,10285.0,12145.0,12366.0,12900.0,13160.0,12387.0,10794.0,10271.0,8.05,136052.0
Kodinsk,2018.0,0.0,0.0,0.0,0.0,0.0,0.0,0.0,0.0,0.0,0.0,0.0,0.0,0.0
Komsomolsk-on-Amur,2018.0,846.0,708.0,776.0,686.0,924.0,246.0,322.0,332.0,344.0,281.0,203.0,285.19,5818.0
Kondinskoye,2018.0,0.0,0.0,0.0,0.0,0.0,0.0,0.0,0.0,0.0,0.0,0.0,0.0,0.0
Kostroma,2018.0,0.0,0.0,0.0,0.0,0.0,0.0,0.0,0.0,0.0,0.0,0.0,0.0,0.0
Kotkin,2018.0,0.0,0.0,0.0,0.0,0.0,0.0,0.0,0.0,0.0,0.0,0.0,0.0,0.0
Kotlas,2018.0,0.0,0.0,0.0,0.0,0.0,0.0,0.0,0.0,0.0,0.0,0.0,0.0,0.0
Krasnodar (Paszkowski),2018.0,283321.0,254067.0,289648.0,313030.0,357395.0,386336.0,429293.0,440925.0,401131.0,377506.0,320106.0,571.34,4160053.0
Krasnoselkup,2018.0,0.0,0.0,0.0,0.0,0.0,0.0,0.0,0.0,0.0,0.0,0.0,0.0,0.0
Krasnoyarsk (Emelyanovo),2018.0,186888.0,171424.0,201643.0,194209.0,195161.0,218019.0,255208.0,273243.0,235095.0,202890.0,189243.0,1709.24,2517298.0
Krasnoyarsk (Cheremshanka),2018.0,0.0,0.0,0.0,0.0,0.0,0.0,0.0,0.0,0.0,0.0,0.0,0.0,0.0
Mound,2018.0,0.0,0.0,0.0,0.0,0.0,0.0,0.0,0.0,0.0,0.0,0.0,0.0,0.0
Kurilsk (Clear),2018.0,0.0,0.0,0.0,0.0,0.0,0.0,0.0,0.0,0.0,0.0,0.0,0.0,0.0
Kursk (Eastern),2018.0,0.0,0.0,0.0,0.0,0.0,0.0,3544.0,3928.0,2461.0,2418.0,2289.0,0.3,0.0
red,2018.0,1745.0,1658.0,1935.0,1866.0,2040.0,2349.0,2453.0,2673.0,2244.0,2160.0,3261.0,1.2,28521.0
Labozhskoe,2018.0,0.0,0.0,0.0,0.0,0.0,0.0,0.0,0.0,0.0,0.0,0.0,0.0,0.0
Zabaykalsk,2018.0,2899.0,3146.0,3421.0,3619.0,3852.0,4116.0,4326.0,5887.0,3936.0,3808.0,4190.0,45.08,47660.0
Лешуконское,2018.0,0.0,0.0,0.0,0.0,0.0,0.0,0.0,0.0,0.0,0.0,0.0,0.0,0.0
Lipetsk,2018.0,0.0,0.0,0.0,0.0,0.0,0.0,0.0,0.0,0.0,0.0,0.0,0.0,0.0
Magadan (Falcon),2018.0,0.0,0.0,0.0,0.0,0.0,0.0,44877.0,46070.0,38920.0,37277.0,29185.0,731.0,0.0
Magnitogorsk,2018.0,0.0,0.0,0.0,0.0,0.0,0.0,0.0,0.0,0.0,0.0,0.0,0.0,0.0
Mom,2018.0,0.0,0.0,0.0,0.0,0.0,0.0,0.0,0.0,0.0,0.0,0.0,0.0,0.0
Manila,2018.0,0.0,0.0,0.0,0.0,0.0,0.0,0.0,0.0,0.0,0.0,0.0,0.0,0.0
brand,2018.0,0.0,0.0,0.0,0.0,0.0,0.0,0.0,438.0,384.0,256.0,172.0,27.0,0.0
Makhachkala (Uytash),2018.0,107808.0,89639.0,97748.0,94821.0,106393.0,85833.0,103532.0,124260.0,113442.0,124277.0,123075.0,140.2,1295353.0
Mezhdurechensk,2018.0,0.0,0.0,0.0,0.0,0.0,0.0,0.0,0.0,0.0,0.0,0.0,0.0,0.0
Mezen,2018.0,0.0,0.0,0.0,0.0,0.0,0.0,0.0,0.0,0.0,0.0,0.0,0.0,0.0
Milkovo,2018.0,0.0,0.0,0.0,0.0,0.0,0.0,0.0,0.0,0.0,0.0,0.0,0.0,0.0
Mineral water,2018.0,170104.0,142692.0,165319.0,192856.0,215672.0,218231.0,250863.0,245426.0,236959.0,222496.0,178383.0,196.86,2409488.0
Peaceful,2018.0,24657.0,20826.0,24945.0,25930.0,28296.0,32632.0,36204.0,35357.0,30268.0,29111.0,25891.0,728.2,342197.0
Moscow (Vnukovo),2018.0,1355451.0,1215640.0,1371392.0,1524207.0,1770032.0,2182303.0,2432103.0,2439290.0,2262167.0,1912037.0,1477608.0,5509.7,21478486.0
Moscow (Domodedovo),2018.0,2070002.0,1773283.0,2065279.0,2201021.0,2536179.0,3006178.0,3277260.0,3304305.0,2973728.0,2440995.0,1905057.0,11629.81,29403704.0
Moscow (Ostafyevo),2018.0,0.0,0.0,0.0,0.0,0.0,0.0,0.0,0.0,0.0,0.0,0.0,0.0,0.0
Moscow (Sheremetyevo),2018.0,3025847.0,2756906.0,3238461.0,3492370.0,3606478.0,4172700.0,4675714.0,4706521.0,4277637.0,4028057.0,3705650.0,28025.3,45348150.0
Мотыгино,2018.0,0.0,0.0,0.0,0.0,0.0,0.0,0.0,0.0,0.0,0.0,0.0,0.0,0.0
Murmansk,2018.0,67783.0,67398.0,68931.0,67860.0,76468.0,82918.0,96476.0,97551.0,88007.0,72713.0,71326.0,195.25,938022.0
Cape-Stone,2018.0,0.0,0.0,0.0,0.0,0.0,0.0,0.0,0.0,0.0,0.0,0.0,0.0,0.0
Nadym,2018.0,12886.0,11591.0,12973.0,14763.0,16507.0,18037.0,17486.0,17662.0,16975.0,15687.0,14920.0,40.94,186769.0
Nazran (Magas / Sleptsovskaya),2018.0,0.0,0.0,0.0,0.0,0.0,0.0,0.0,0.0,0.0,0.0,0.0,0.0,0.0
Nalchik,2018.0,0.0,0.0,0.0,0.0,0.0,0.0,0.0,0.0,0.0,0.0,0.0,0.0,0.0
Naryan-Mar,2018.0,0.0,0.0,0.0,0.0,0.0,0.0,0.0,0.0,0.0,0.0,0.0,0.0,0.0
Nelkan,2018.0,0.0,0.0,0.0,0.0,0.0,0.0,0.0,0.0,0.0,0.0,0.0,0.0,0.0
Nerungri (Chulman),2018.0,0.0,0.0,0.0,0.0,0.0,0.0,0.0,0.0,0.0,0.0,0.0,0.0,0.0
Nes,2018.0,0.0,0.0,0.0,0.0,0.0,0.0,0.0,0.0,0.0,0.0,0.0,0.0,0.0
Nižneangarsk,2018.0,0.0,0.0,0.0,0.0,0.0,0.0,0.0,0.0,0.0,0.0,0.0,0.0,0.0
Nizhnevartovsk,2018.0,43657.0,40470.0,45373.0,45185.0,47367.0,61994.0,70960.0,74714.0,66139.0,52656.0,51887.0,251.1,652129.0
Kazan (Begiševo),2018.0,0.0,0.0,0.0,0.0,0.0,0.0,0.0,0.0,0.0,0.0,0.0,0.0,0.0
Nizhneudinsk,2018.0,0.0,0.0,0.0,0.0,0.0,0.0,0.0,0.0,0.0,0.0,0.0,0.0,0.0
Nizhny Novgorod (Strigino),2018.0,64228.0,58094.0,69330.0,70733.0,97861.0,149100.0,136807.0,131040.0,123091.0,97462.0,70886.0,89.68,1134534.0
lower Pesha,2018.0,0.0,0.0,0.0,0.0,0.0,0.0,0.0,0.0,0.0,0.0,0.0,0.0,0.0
Nikolaevsk-on-Amur,2018.0,2090.0,2266.0,2580.0,2612.0,3128.0,3528.0,4794.0,4738.0,3958.0,3504.0,3281.0,5.23,39328.0
Nikolskoye,2018.0,0.0,0.0,0.0,0.0,0.0,0.0,0.0,0.0,0.0,0.0,0.0,0.0,0.0
Novokuznetsk,2018.0,18587.0,16465.0,18674.0,16023.0,16822.0,22543.0,26371.0,27657.0,24029.0,20436.0,18990.0,112.9,246801.0
Novosibirsk (Tolmachyovo),2018.0,380762.0,349254.0,391722.0,397962.0,442742.0,523652.0,616969.0,643732.0,579261.0,496962.0,443629.0,2460.6,5721367.0
New Urengoy,2018.0,71780.0,64773.0,72729.0,75904.0,82512.0,77271.0,85607.0,87190.0,84476.0,76602.0,76816.0,380.91,937401.0
Nogliki,2018.0,0.0,0.0,0.0,0.0,0.0,0.0,0.0,4127.0,4350.0,3891.0,3206.0,3.93,0.0
Norilsk,2018.0,33188.0,26519.0,31011.0,35337.0,54401.0,45480.0,51567.0,56873.0,50059.0,44730.0,34822.0,1061.6,499380.0
Noyabrsk,2018.0,14100.0,12686.0,14582.0,15616.0,16461.0,18010.0,19365.0,18497.0,16729.0,16103.0,15928.0,60.76,196191.0
Нюрба,2018.0,0.0,0.0,0.0,0.0,0.0,0.0,0.0,0.0,0.0,0.0,0.0,0.0,0.0
Nyagan,2018.0,0.0,0.0,0.0,0.0,0.0,0.0,0.0,0.0,0.0,0.0,0.0,0.0,0.0
Luengo,2018.0,0.0,0.0,0.0,0.0,0.0,0.0,0.0,0.0,0.0,0.0,0.0,0.0,0.0
Olekminsk,2018.0,0.0,0.0,0.0,0.0,0.0,0.0,0.0,0.0,0.0,0.0,0.0,0.0,0.0
SUV,2018.0,0.0,0.0,0.0,0.0,0.0,0.0,0.0,0.0,0.0,0.0,0.0,0.0,0.0
ohm,2018.0,0.0,0.0,0.0,0.0,0.0,0.0,0.0,0.0,0.0,0.0,0.0,0.0,0.0
Omolon,2018.0,0.0,0.0,0.0,0.0,0.0,0.0,0.0,235.0,148.0,192.0,91.0,18.0,0.0
Omsk (central),2018.0,70344.0,61047.0,68666.0,67901.0,78836.0,105867.0,123079.0,132372.0,114892.0,91571.0,84543.0,342.0,1088926.0
Omsukçan,2018.0,0.0,0.0,0.0,0.0,0.0,0.0,645.0,580.0,440.0,466.0,459.0,7.93,0.0
Orenburg (central),2018.0,51644.0,45024.0,49267.0,52697.0,67110.0,83394.0,94947.0,92907.0,82269.0,66187.0,53070.0,122.21,792316.0
Ossora,2018.0,0.0,0.0,0.0,0.0,0.0,0.0,0.0,0.0,0.0,0.0,0.0,0.0,0.0
Okha,2018.0,0.0,0.0,0.0,0.0,0.0,0.0,0.0,4657.0,4063.0,2963.0,1703.0,7.35,0.0
Okhotsk,2018.0,0.0,0.0,0.0,0.0,0.0,0.0,3125.0,3163.0,2842.0,2691.0,2040.0,121.06,0.0
Palana,2018.0,0.0,0.0,0.0,0.0,0.0,0.0,0.0,0.0,0.0,0.0,0.0,0.0,0.0
Pahachi,2018.0,0.0,0.0,0.0,0.0,0.0,0.0,0.0,0.0,0.0,0.0,0.0,0.0,0.0
Pevek,2018.0,1022.0,1374.0,1927.0,2075.0,1895.0,2227.0,2190.0,2311.0,2419.0,2009.0,2053.0,141.0,22896.0
Penza,2018.0,0.0,0.0,0.0,0.0,0.0,0.0,0.0,0.0,0.0,0.0,0.0,0.0,0.0
Perm (Bolshoye Savino),2018.0,98582.0,95138.0,108455.0,104099.0,120976.0,153231.0,169785.0,166807.0,149093.0,127804.0,113068.0,235.19,1519617.0
Petrozavodsk (Besovets),2018.0,0.0,0.0,0.0,0.0,0.0,0.0,0.0,0.0,0.0,0.0,0.0,0.0,0.0
Petropavlovsk (Yelizovo),2018.0,41337.0,34110.0,41888.0,45501.0,54726.0,66712.0,85998.0,88785.0,79408.0,59940.0,48588.0,1194.52,697094.0
Pechora,2018.0,0.0,0.0,0.0,0.0,0.0,0.0,0.0,0.0,0.0,0.0,0.0,0.0,0.0
pioneer,2018.0,0.0,0.0,0.0,0.0,0.0,0.0,0.0,0.0,0.0,0.0,0.0,0.0,0.0
Plast,2018.0,0.0,0.0,0.0,0.0,0.0,0.0,0.0,0.0,0.0,0.0,0.0,0.0,0.0
Podkamyennaya Tunguska,2018.0,0.0,0.0,0.0,0.0,0.0,0.0,0.0,0.0,0.0,0.0,0.0,0.0,0.0
Pauline Osipenko,2018.0,0.0,0.0,0.0,0.0,0.0,0.0,0.0,0.0,36.0,0.0,0.0,0.0,0.0
Polar,2018.0,3731.0,3730.0,4372.0,4294.0,5580.0,5171.0,6045.0,7908.0,5410.0,5488.0,4920.0,59.42,61935.0
Providence (Providence Harbor),2018.0,0.0,0.0,0.0,0.0,0.0,0.0,0.0,781.0,534.0,569.0,291.0,4.0,0.0
Pskov (crosses),2018.0,0.0,0.0,0.0,0.0,0.0,0.0,0.0,0.0,0.0,0.0,0.0,0.0,0.0
Rostov-on-Don,2018.0,0.0,0.0,0.0,0.0,0.0,0.0,0.0,0.0,0.0,0.0,0.0,0.0,0.0
Rostov-on-Don (fee),2018.0,0.0,0.0,0.0,0.0,0.0,0.0,0.0,0.0,0.0,0.0,0.0,0.0,0.0
Sabetta,2018.0,0.0,0.0,0.0,0.0,0.0,0.0,0.0,0.0,0.0,0.0,0.0,0.0,0.0
Sakkırır,2018.0,0.0,0.0,0.0,0.0,0.0,0.0,0.0,0.0,0.0,0.0,0.0,0.0,0.0
Salekhard,2018.0,0.0,0.0,0.0,0.0,0.0,0.0,0.0,0.0,0.0,0.0,0.0,0.0,0.0
Samara (Kurumoch),2018.0,191694.0,169139.0,190236.0,208744.0,273993.0,344605.0,356321.0,335555.0,304471.0,267943.0,210674.0,303.37,3056610.0
Sangar,2018.0,0.0,0.0,0.0,0.0,0.0,0.0,0.0,0.0,0.0,0.0,0.0,0.0,0.0
Saint Petersburg (Pulkovo),2018.0,1079174.0,953908.0,1144252.0,1282383.0,1576964.0,1915565.0,2103426.0,2099021.0,1861651.0,1547328.0,1286686.0,2779.0,18123064.0
Saransk,2018.0,0.0,0.0,0.0,0.0,0.0,0.0,0.0,0.0,0.0,0.0,0.0,0.0,0.0
Saratov (central),2018.0,34456.0,29419.0,31280.0,33668.0,35561.0,26579.0,32965.0,38650.0,41963.0,44425.0,40941.0,43.9,425867.0
Saskılah,2018.0,0.0,0.0,0.0,0.0,0.0,0.0,0.0,0.0,0.0,0.0,0.0,0.0,0.0
Svetlogorsk,2018.0,0.0,0.0,0.0,0.0,0.0,0.0,0.0,0.0,0.0,0.0,0.0,0.0,0.0
North-Yenisei,2018.0,0.0,0.0,0.0,0.0,0.0,0.0,0.0,0.0,0.0,0.0,0.0,0.0,0.0
North Even,2018.0,0.0,0.0,0.0,0.0,0.0,0.0,0.0,0.0,0.0,0.0,0.0,0.0,0.0
Seymçan,2018.0,0.0,0.0,0.0,0.0,0.0,0.0,0.0,0.0,0.0,0.0,0.0,0.0,0.0
Simferopol,2018.0,0.0,0.0,0.0,0.0,0.0,0.0,0.0,0.0,0.0,0.0,0.0,0.0,0.0
sheaf,2018.0,0.0,0.0,0.0,0.0,0.0,0.0,0.0,0.0,0.0,0.0,0.0,0.0,0.0
Sobolevo,2018.0,0.0,0.0,0.0,0.0,0.0,0.0,0.0,0.0,0.0,0.0,0.0,0.0,0.0
Sovetskaya Gavan,2018.0,0.0,0.0,0.0,0.0,0.0,0.0,0.0,0.0,0.0,0.0,0.0,0.0,0.0
Soviet,2018.0,0.0,0.0,0.0,0.0,0.0,0.0,0.0,0.0,0.0,0.0,0.0,0.0,0.0
Solovki,2018.0,0.0,0.0,0.0,0.0,0.0,0.0,0.0,0.0,0.0,0.0,0.0,0.0,0.0
Sochi,2018.0,386437.0,370764.0,401125.0,407664.0,454938.0,710250.0,845984.0,859539.0,776977.0,485820.0,330222.0,271.85,6343869.0
Среднеколымск,2018.0,0.0,0.0,0.0,0.0,0.0,0.0,0.0,0.0,0.0,0.0,0.0,0.0,0.0
Stavropol (Shpakovskoye),2018.0,33612.0,29188.0,33002.0,32104.0,31883.0,32086.0,34790.0,33078.0,35916.0,33699.0,30436.0,78.0,392246.0
Stary Oskol,2018.0,0.0,0.0,0.0,0.0,0.0,0.0,0.0,0.0,0.0,0.0,0.0,0.0,0.0
Strezhevoy,2018.0,0.0,0.0,0.0,0.0,0.0,0.0,3738.0,3820.0,3129.0,3282.0,3155.0,3.7,0.0
Samsearn,2018.0,0.0,0.0,0.0,0.0,0.0,0.0,0.0,0.0,0.0,0.0,0.0,0.0,0.0
Surgut,2018.0,121283.0,109755.0,128066.0,123730.0,132863.0,174667.0,202987.0,202407.0,163180.0,136143.0,125904.0,308.98,1752278.0
Syktyvkar,2018.0,32540.0,32292.0,35647.0,37544.0,47196.0,62944.0,72843.0,68460.0,57317.0,44794.0,36225.0,67.35,563965.0
Taz,2018.0,0.0,0.0,0.0,0.0,0.0,0.0,0.0,0.0,0.0,0.0,0.0,0.0,0.0
Таксимо,2018.0,0.0,0.0,0.0,0.0,0.0,0.0,0.0,0.0,0.0,0.0,0.0,0.0,0.0
Talakan,2018.0,0.0,0.0,0.0,0.0,0.0,0.0,0.0,0.0,0.0,0.0,0.0,0.0,0.0
Tambov,2018.0,1111.0,1380.0,1114.0,1398.0,1830.0,2550.0,3343.0,3646.0,1828.0,1534.0,1342.0,0.0,22155.0
Tarko-Sale,2018.0,0.0,0.0,0.0,0.0,0.0,0.0,0.0,0.0,0.0,0.0,0.0,0.0,0.0
Tigil,2018.0,0.0,0.0,0.0,0.0,0.0,0.0,0.0,0.0,0.0,0.0,0.0,0.0,0.0
Tiksi,2018.0,776.0,985.0,1314.0,1414.0,1378.0,1943.0,1930.0,2174.0,1508.0,1359.0,1295.0,98.46,17245.0
Tilichiki,2018.0,0.0,0.0,0.0,0.0,0.0,0.0,0.0,0.0,0.0,0.0,0.0,0.0,0.0
Tobolsk,2018.0,0.0,0.0,0.0,0.0,0.0,0.0,0.0,0.0,0.0,0.0,0.0,0.0,0.0
Tolka,2018.0,0.0,0.0,0.0,0.0,0.0,0.0,0.0,0.0,0.0,0.0,0.0,0.0,0.0
Tomsk (Bogashevo),2018.0,40678.0,37334.0,42469.0,44086.0,45528.0,52939.0,63376.0,67215.0,59156.0,54392.0,52548.0,204.9,615568.0
Tugur,2018.0,0.0,0.0,0.0,0.0,0.0,0.0,0.0,0.0,0.0,0.0,0.0,0.0,0.0
Turukhansk,2018.0,0.0,0.0,0.0,0.0,0.0,0.0,0.0,0.0,0.0,0.0,0.0,0.0,0.0
Ust-Tsilma,2018.0,0.0,0.0,0.0,0.0,0.0,0.0,648.0,663.0,632.0,73.0,40.0,0.0,0.0
Tyumen (Plekhanovo),2018.0,0.0,0.0,0.0,0.0,0.0,0.0,0.0,0.0,0.0,0.0,0.0,0.0,0.0
Tyumen (Roschino),2018.0,125167.0,116950.0,139244.0,139120.0,159351.0,197514.0,229197.0,229275.0,191358.0,162006.0,143098.0,395.6,1978979.0
Uda,2018.0,0.0,0.0,0.0,0.0,0.0,0.0,0.0,0.0,0.0,0.0,0.0,0.0,0.0
Ulan Ude (Mukhino),2018.0,0.0,0.0,0.0,0.0,0.0,0.0,0.0,0.0,0.0,0.0,0.0,0.0,0.0
Ulyanovsk (Barataevka),2018.0,0.0,0.0,0.0,0.0,0.0,0.0,0.0,0.0,0.0,0.0,0.0,0.0,0.0
Ulyanovsk (East),2018.0,0.0,0.0,0.0,0.0,0.0,0.0,0.0,0.0,0.0,0.0,0.0,0.0,0.0
Nyagan,2018.0,0.0,0.0,0.0,0.0,0.0,0.0,0.0,0.0,0.0,0.0,0.0,0.0,0.0
Flora,2018.0,0.0,0.0,0.0,0.0,0.0,0.0,0.0,0.0,0.0,0.0,0.0,0.0,0.0
Urengoy,2018.0,0.0,0.0,0.0,0.0,0.0,0.0,0.0,0.0,0.0,0.0,0.0,0.0,0.0
Usinsk,2018.0,0.0,0.0,0.0,0.0,0.0,0.0,0.0,0.0,0.0,0.0,0.0,0.0,0.0
Ust-Kamchatsk,2018.0,0.0,0.0,0.0,0.0,0.0,0.0,0.0,0.0,0.0,0.0,0.0,0.0,0.0
Ust-Kara,2018.0,0.0,0.0,0.0,0.0,0.0,0.0,0.0,0.0,0.0,0.0,0.0,0.0,0.0
Ust-Kuyga,2018.0,0.0,0.0,0.0,0.0,0.0,0.0,0.0,0.0,0.0,0.0,0.0,0.0,0.0
Ust-Kut,2018.0,0.0,0.0,0.0,0.0,0.0,0.0,0.0,0.0,0.0,0.0,0.0,0.0,0.0
Ust-Maya,2018.0,0.0,0.0,0.0,0.0,0.0,0.0,0.0,0.0,0.0,0.0,0.0,0.0,0.0
Ust-Nera,2018.0,0.0,0.0,0.0,0.0,0.0,0.0,0.0,0.0,0.0,0.0,0.0,0.0,0.0
Ust-Khairyuzovo,2018.0,0.0,0.0,0.0,0.0,0.0,0.0,0.0,0.0,0.0,0.0,0.0,0.0,0.0
Ust-Tsilma,2018.0,0.0,0.0,0.0,0.0,0.0,0.0,0.0,0.0,0.0,0.0,0.0,0.0,0.0
Ufa,2018.0,220199.0,197567.0,216207.0,228911.0,289878.0,323439.0,342056.0,344004.0,313823.0,272209.0,234884.0,543.31,3222825.0
Ukhta,2018.0,0.0,0.0,0.0,0.0,0.0,0.0,0.0,0.0,0.0,0.0,0.0,0.0,0.0
Khabarovsk (MVL),2018.0,167.0,291.0,301.0,444.0,343.0,211.0,184.0,275.0,135.0,120.0,308.0,0.91,2839.0
Khabarovsk (New),2018.0,142798.0,130966.0,149152.0,157457.0,163157.0,199933.0,241800.0,247441.0,212973.0,179126.0,154012.0,2058.25,2134476.0
royal,2018.0,0.0,0.0,0.0,0.0,0.0,0.0,0.0,0.0,0.0,0.0,0.0,0.0,0.0
Khanty-Mansiysk,2018.0,18368.0,17452.0,20547.0,21517.0,22711.0,24471.0,29909.0,31167.0,25919.0,25184.0,27436.0,59.91,291182.0
Harwell,2018.0,0.0,0.0,0.0,0.0,0.0,0.0,0.0,0.0,0.0,0.0,0.0,0.0,0.0
Khatanga,2018.0,2119.0,1812.0,0.0,0.0,0.0,0.0,0.0,0.0,0.0,0.0,0.0,0.0,3931.0
Herpuchi,2018.0,0.0,0.0,0.0,0.0,0.0,0.0,74.0,96.0,103.0,74.0,41.0,0.46,0.0
Honuu (Girl),2018.0,0.0,0.0,0.0,0.0,0.0,0.0,0.0,0.0,0.0,0.0,0.0,0.0,0.0
Khorey Vere,2018.0,0.0,0.0,0.0,0.0,0.0,0.0,0.0,0.0,0.0,0.0,0.0,0.0,0.0
remedy,2018.0,0.0,0.0,0.0,0.0,0.0,0.0,0.0,0.0,0.0,0.0,0.0,0.0,0.0
Cheboksary,2018.0,0.0,0.0,0.0,0.0,0.0,0.0,0.0,0.0,0.0,0.0,0.0,0.0,0.0
Chyegdomyn,2018.0,0.0,0.0,0.0,0.0,0.0,0.0,0.0,0.0,0.0,0.0,0.0,0.0,0.0
Chelyabinsk (Balandino),2018.0,110571.0,96025.0,107748.0,116923.0,139647.0,173873.0,185743.0,183138.0,164658.0,135672.0,113313.0,393.6,1640535.0
Cherepovets,2018.0,0.0,0.0,0.0,0.0,0.0,0.0,0.0,0.0,0.0,0.0,0.0,0.0,0.0
Cherskiy,2018.0,0.0,0.0,0.0,0.0,0.0,0.0,0.0,0.0,0.0,0.0,0.0,0.0,0.0
Chizha,2018.0,0.0,0.0,0.0,0.0,0.0,0.0,0.0,0.0,0.0,0.0,0.0,0.0,0.0
Reads (tub),2018.0,22722.0,21904.0,22978.0,26368.0,28971.0,33977.0,44969.0,48958.0,39366.0,36339.0,31367.0,305.98,389541.0
Çokurdah,2018.0,0.0,0.0,0.0,0.0,0.0,0.0,0.0,0.0,0.0,0.0,0.0,0.0,0.0
Çumikan,2018.0,0.0,0.0,0.0,0.0,0.0,0.0,406.0,457.0,487.0,392.0,262.0,3.46,0.0
Shakhtars'k,2018.0,0.0,0.0,0.0,0.0,0.0,0.0,0.0,779.0,780.0,6.0,0.0,0.0,0.0
Şoyna,2018.0,0.0,0.0,0.0,0.0,0.0,0.0,0.0,0.0,0.0,0.0,0.0,0.0,0.0
Shushenskoe,2018.0,0.0,0.0,0.0,0.0,0.0,0.0,179.0,106.0,19.0,23.0,18.0,0.0,0.0
Egvekinot (Bay Cross),2018.0,0.0,0.0,0.0,0.0,0.0,0.0,0.0,1359.0,1172.0,1093.0,603.0,8.0,0.0
Ekimçan,2018.0,0.0,0.0,0.0,0.0,0.0,0.0,71.0,58.0,35.0,58.0,22.0,0.0,0.0
Elista,2018.0,0.0,0.0,0.0,0.0,0.0,0.0,0.0,0.0,0.0,0.0,0.0,0.0,0.0
South kurilsk (Mendeleevo),2018.0,0.0,0.0,0.0,0.0,0.0,0.0,0.0,0.0,0.0,0.0,0.0,0.0,0.0
Yuzhno-(Khomutovo),2018.0,72730.0,66716.0,75307.0,71317.0,79613.0,97417.0,119836.0,125554.0,104485.0,87842.0,79018.0,948.8,1064853.0
Yakutsk,2018.0,51639.0,49959.0,61877.0,68345.0,68480.0,93922.0,108364.0,113964.0,90958.0,71375.0,63911.0,1226.69,908384.0
Yakutsk (Magan),2018.0,0.0,0.0,0.0,0.0,0.0,0.0,0.0,0.0,0.0,0.0,0.0,0.0,0.0
Yamburg,2018.0,5572.0,5640.0,5170.0,5515.0,4973.0,4841.0,4201.0,4849.0,5067.0,5016.0,5510.0,0.04,61918.0
Yaroslavl (Tunoshna),2018.0,1381.0,888.0,1409.0,1521.0,2063.0,2075.0,3542.0,3703.0,2353.0,2807.0,1518.0,74.18,25571.0
Yartsevo,2018.0,0.0,0.0,0.0,0.0,0.0,0.0,0.0,0.0,0.0,0.0,0.0,0.0,0.0
Abakan,2017.0,11004.0,9761.0,10530.0,11466.0,14786.0,17209.0,23901.0,23688.0,18991.0,15891.0,13588.0,88.84,185185.0
Aikhal,2017.0,0.0,0.0,0.0,0.0,0.0,0.0,0.0,0.0,0.0,0.0,0.0,0.0,0.0
Loss,2017.0,0.0,0.0,0.0,0.0,0.0,0.0,0.0,0.0,0.0,0.0,0.0,0.0,0.0
Amderma,2017.0,0.0,0.0,0.0,0.0,0.0,0.0,0.0,0.0,0.0,0.0,0.0,0.0,0.0
Anadyr,2017.0,4609.0,4105.0,5818.0,6484.0,7878.0,11777.0,12030.0,13083.0,4609.0,8964.0,7632.0,313.33,95538.0
Anapa (Vitjazevo),2017.0,34458.0,30334.0,40001.0,47806.0,74325.0,208061.0,285782.0,290595.0,191969.0,70779.0,45673.0,75.38,1362793.0
Antypayuta,2017.0,0.0,0.0,0.0,0.0,0.0,0.0,0.0,0.0,0.0,0.0,0.0,0.0,0.0
Apatite (Khibiny),2017.0,0.0,0.0,0.0,0.0,0.0,0.0,0.0,0.0,0.0,0.0,0.0,0.0,0.0
Arkhangelsk (Vaskovo),2017.0,0.0,0.0,0.0,0.0,0.0,0.0,0.0,0.0,0.0,0.0,0.0,0.0,0.0
Arkhangelsk (Talagy),2017.0,51674.0,51210.0,61184.0,59527.0,72264.0,90412.0,102459.0,105531.0,88788.0,77466.0,65871.0,359.21,891867.0
Astrakhan (Narimanovo),2017.0,37403.0,35787.0,40919.0,53171.0,58792.0,53292.0,53702.0,53145.0,54187.0,54949.0,41797.0,95.02,580910.0
Achinsk,2017.0,0.0,0.0,0.0,0.0,0.0,0.0,0.0,0.0,0.0,0.0,0.0,0.0,0.0
Trip,2017.0,0.0,0.0,0.0,0.0,0.0,0.0,0.0,0.0,0.0,0.0,0.0,0.0,0.0
Auctions,2017.0,0.0,0.0,0.0,0.0,0.0,0.0,0.0,0.0,0.0,0.0,0.0,0.0,0.0
Baykit,2017.0,0.0,0.0,0.0,0.0,0.0,0.0,0.0,0.0,0.0,0.0,0.0,0.0,0.0
Barnaul (Titov Name),2017.0,0.0,0.0,0.0,0.0,0.0,0.0,0.0,0.0,0.0,0.0,0.0,0.0,0.0
In Salah,2017.0,0.0,0.0,0.0,0.0,0.0,0.0,0.0,0.0,0.0,0.0,0.0,0.0,0.0
white Mountain,2017.0,0.0,0.0,0.0,0.0,0.0,0.0,0.0,0.0,0.0,0.0,0.0,0.0,0.0
Belgorod,2017.0,0.0,0.0,0.0,0.0,0.0,0.0,0.0,0.0,0.0,0.0,0.0,0.0,0.0
Novy Urengoy,2017.0,3482.0,3352.0,4587.0,5644.0,6381.0,6154.0,6879.0,6719.0,5234.0,5704.0,6929.0,13.8,66843.0
Belushi,2017.0,0.0,0.0,0.0,0.0,0.0,0.0,0.0,0.0,0.0,0.0,0.0,0.0,0.0
Usinsk,2017.0,0.0,0.0,0.0,0.0,0.0,0.0,0.0,0.0,0.0,0.0,0.0,0.0,0.0
"Beringovsky (Branch PCF ""A / P Chukotka"")",2017.0,0.0,0.0,0.0,0.0,0.0,0.0,0.0,0.0,0.0,0.0,0.0,0.0,0.0
Biisk,2017.0,0.0,0.0,0.0,0.0,0.0,0.0,0.0,0.0,0.0,0.0,0.0,0.0,0.0
Blagoveshchensk,2017.0,25233.0,24366.0,25152.0,28534.0,30699.0,37102.0,45668.0,47691.0,38925.0,32483.0,29858.0,471.4,398705.0
Bovanenkovo,2017.0,0.0,0.0,0.0,0.0,0.0,0.0,0.0,0.0,0.0,0.0,0.0,0.0,0.0
Bogorodskoe,2017.0,0.0,0.0,0.0,0.0,0.0,0.0,0.0,0.0,0.0,0.0,0.0,0.0,0.0
Boguçanı,2017.0,0.0,0.0,0.0,0.0,0.0,0.0,0.0,0.0,0.0,0.0,0.0,0.0,0.0
Bodaybo,2017.0,0.0,0.0,0.0,0.0,0.0,0.0,0.0,0.0,0.0,0.0,0.0,0.0,0.0
Bratsk,2017.0,0.0,0.0,0.0,0.0,0.0,0.0,0.0,0.0,0.0,0.0,0.0,0.0,0.0
Bryansk,2017.0,0.0,0.0,0.0,0.0,0.0,0.0,0.0,0.0,0.0,0.0,0.0,0.0,0.0
Bugulma,2017.0,3377.0,3620.0,4268.0,4417.0,4741.0,5139.0,5472.0,5055.0,4798.0,4519.0,4148.0,1.6,54009.0
Petrel,2017.0,0.0,0.0,0.0,0.0,0.0,0.0,0.0,0.0,0.0,0.0,0.0,0.0,0.0
Vanavara,2017.0,0.0,0.0,0.0,0.0,0.0,0.0,0.0,0.0,0.0,0.0,0.0,0.0,0.0
Varandey,2017.0,0.0,0.0,0.0,0.0,0.0,0.0,0.0,0.0,0.0,0.0,0.0,0.0,0.0
Верхневилюйск,2017.0,0.0,0.0,0.0,0.0,0.0,0.0,0.0,0.0,0.0,0.0,0.0,0.0,0.0
Vizhas,2017.0,0.0,0.0,0.0,0.0,0.0,0.0,0.0,0.0,0.0,0.0,0.0,0.0,0.0
Viljujsk,2017.0,0.0,0.0,0.0,0.0,0.0,0.0,0.0,0.0,0.0,0.0,0.0,0.0,0.0
Витим,2017.0,0.0,0.0,0.0,0.0,0.0,0.0,0.0,0.0,0.0,0.0,0.0,0.0,0.0
Vladivostok (Knevichi),2017.0,135482.0,127228.0,140786.0,157726.0,174494.0,198995.0,235165.0,251455.0,219951.0,198155.0,162642.0,2412.19,2171965.0
Vladikavkaz (Beslan),2017.0,0.0,0.0,0.0,0.0,0.0,0.0,0.0,0.0,0.0,0.0,0.0,0.0,0.0
Vladimir,2017.0,0.0,0.0,0.0,0.0,0.0,0.0,0.0,0.0,0.0,0.0,0.0,0.0,0.0
Volgograd (Gumrak),2017.0,65836.0,60194.0,67915.0,74438.0,92567.0,94395.0,104389.0,104871.0,100276.0,90939.0,80086.0,99.2,1013823.0
Vologda,2017.0,0.0,0.0,0.0,0.0,0.0,0.0,0.0,0.0,0.0,0.0,0.0,0.0,0.0
Volokovaya,2017.0,0.0,0.0,0.0,0.0,0.0,0.0,0.0,0.0,0.0,0.0,0.0,0.0,0.0
Vorkuta,2017.0,1481.0,1352.0,1443.0,2138.0,2524.0,2642.0,2907.0,3291.0,2590.0,2115.0,1935.0,7.7,26350.0
Voronezh (Chertovitskoe),2017.0,30890.0,31803.0,36033.0,38764.0,51857.0,64456.0,71206.0,72893.0,65769.0,51027.0,45093.0,19.05,606446.0
Vuktyl,2017.0,0.0,0.0,0.0,0.0,0.0,0.0,0.0,0.0,0.0,0.0,0.0,0.0,0.0
Gelendzhik,2017.0,0.0,0.0,0.0,0.0,0.0,0.0,0.0,0.0,0.0,0.0,0.0,0.0,0.0
Gorno-Altaisk,2017.0,0.0,0.0,0.0,0.0,0.0,0.0,0.0,0.0,0.0,0.0,0.0,0.0,0.0
Terrible (North),2017.0,0.0,0.0,0.0,0.0,0.0,0.0,0.0,0.0,0.0,0.0,0.0,0.0,0.0
Kervan,2017.0,0.0,0.0,0.0,0.0,0.0,0.0,0.0,0.0,0.0,0.0,0.0,0.0,0.0
Distance,2017.0,0.0,0.0,0.0,0.0,0.0,0.0,0.0,0.0,0.0,0.0,0.0,0.0,0.0
deputy,2017.0,0.0,0.0,0.0,0.0,0.0,0.0,0.0,0.0,0.0,0.0,0.0,0.0,0.0
Dixon,2017.0,0.0,0.0,0.0,0.0,0.0,0.0,0.0,0.0,0.0,0.0,0.0,0.0,0.0
Dudinka,2017.0,0.0,0.0,0.0,0.0,0.0,0.0,0.0,0.0,0.0,0.0,0.0,0.0,0.0
Yeisk,2017.0,0.0,0.0,0.0,0.0,0.0,0.0,0.0,0.0,0.0,0.0,0.0,0.0,0.0
Ekaterinburg (Koltsovo),2017.0,312531.0,286851.0,324240.0,350494.0,437985.0,537927.0,614330.0,607077.0,556927.0,456210.0,393178.0,1799.27,5277434.0
Ekaterinburg (Uktus),2017.0,0.0,0.0,0.0,0.0,0.0,0.0,0.0,0.0,0.0,0.0,0.0,0.0,0.0
Yelizovo (Avachinskiy),2017.0,0.0,0.0,0.0,0.0,0.0,0.0,0.0,0.0,0.0,0.0,0.0,0.0,0.0
Pitorafik,2017.0,0.0,0.0,0.0,0.0,0.0,0.0,0.0,0.0,0.0,0.0,0.0,0.0,0.0
Erbogaçen,2017.0,0.0,0.0,0.0,0.0,0.0,0.0,0.0,0.0,0.0,0.0,0.0,0.0,0.0
Jigansk,2017.0,0.0,0.0,0.0,0.0,0.0,0.0,0.0,0.0,0.0,0.0,0.0,0.0,0.0
Zhukovsky,2017.0,0.0,0.0,0.0,0.0,0.0,0.0,0.0,0.0,0.0,0.0,0.0,0.0,0.0
Gulf Lawrence (Lawrence),2017.0,0.0,0.0,0.0,0.0,0.0,0.0,0.0,0.0,0.0,0.0,0.0,0.0,0.0
Zeyskaya,2017.0,0.0,0.0,0.0,0.0,0.0,0.0,0.0,0.0,0.0,0.0,0.0,0.0,0.0
Zonalnoe,2017.0,0.0,0.0,0.0,0.0,0.0,0.0,0.0,0.0,0.0,0.0,0.0,0.0,0.0
Zыrjanka,2017.0,0.0,0.0,0.0,0.0,0.0,0.0,0.0,0.0,0.0,0.0,0.0,0.0,0.0
Ivanovo (Yuzhny),2017.0,845.0,921.0,902.0,925.0,1005.0,2926.0,4962.0,4538.0,3427.0,827.0,821.0,152.21,22953.0
Igarka,2017.0,0.0,0.0,0.0,0.0,0.0,0.0,0.0,0.0,0.0,0.0,0.0,0.0,0.0
Vorkuta,2017.0,0.0,0.0,0.0,0.0,0.0,0.0,0.0,0.0,0.0,0.0,0.0,0.0,0.0
Izhevsk,2017.0,0.0,0.0,0.0,0.0,0.0,0.0,0.0,0.0,0.0,0.0,0.0,0.0,0.0
Izhma,2017.0,0.0,0.0,0.0,0.0,0.0,0.0,0.0,0.0,0.0,0.0,0.0,0.0,0.0
Indiga,2017.0,0.0,0.0,0.0,0.0,0.0,0.0,0.0,0.0,0.0,0.0,0.0,0.0,0.0
Inta,2017.0,0.0,0.0,0.0,0.0,0.0,0.0,0.0,0.0,0.0,0.0,0.0,0.0,0.0
Yoshkar-Ola,2017.0,0.0,0.0,0.0,0.0,0.0,0.0,0.0,0.0,0.0,0.0,0.0,0.0,0.0
Irkutsk,2017.0,123970.0,120968.0,136045.0,134016.0,145715.0,177114.0,248798.0,251666.0,190446.0,155194.0,141072.0,993.23,1973584.0
Harbin,2017.0,0.0,0.0,0.0,0.0,0.0,0.0,0.0,0.0,0.0,0.0,0.0,0.0,0.0
Kazan,2017.0,130897.0,124250.0,0.0,0.0,0.0,0.0,0.0,0.0,0.0,0.0,0.0,0.0,0.0
Kazachinskoye (Kazachinsko),2017.0,0.0,0.0,0.0,0.0,0.0,0.0,0.0,0.0,0.0,0.0,0.0,0.0,0.0
Kaliningrad (Hrabrovo),2017.0,109537.0,96353.0,109570.0,129806.0,162062.0,186246.0,218293.0,221051.0,166139.0,143564.0,124633.0,662.01,1788097.0
Kaluga,2017.0,0.0,0.0,0.0,0.0,0.0,0.0,0.0,0.0,0.0,0.0,0.0,0.0,0.0
Karatayka,2017.0,0.0,0.0,0.0,0.0,0.0,0.0,0.0,0.0,0.0,0.0,0.0,0.0,0.0
Starobachaty,2017.0,0.0,0.0,0.0,0.0,0.0,0.0,0.0,0.0,0.0,0.0,0.0,0.0,0.0
cedar,2017.0,0.0,0.0,0.0,0.0,0.0,0.0,0.0,0.0,0.0,0.0,0.0,0.0,0.0
Kemerovo,2017.0,22591.0,20122.0,25655.0,23434.0,29320.0,42965.0,52457.0,52202.0,41292.0,29503.0,27920.0,152.88,398026.0
Keperveem,2017.0,0.0,0.0,0.0,0.0,0.0,0.0,0.0,0.0,0.0,0.0,0.0,0.0,0.0
Ust-kut,2017.0,0.0,0.0,0.0,0.0,0.0,0.0,0.0,0.0,0.0,0.0,0.0,0.0,0.0
Kirov,2017.0,0.0,0.0,0.0,0.0,0.0,0.0,0.0,0.0,0.0,0.0,0.0,0.0,0.0
Kogalym,2017.0,9686.0,8858.0,10450.0,10062.0,10466.0,10847.0,11751.0,11970.0,10985.0,10874.0,10329.0,36.36,127382.0
Kodinsk,2017.0,0.0,0.0,0.0,0.0,0.0,0.0,0.0,0.0,0.0,0.0,0.0,0.0,0.0
Kolpaşevo,2017.0,0.0,0.0,0.0,0.0,0.0,0.0,0.0,0.0,0.0,0.0,0.0,0.0,0.0
Komsomolsk-on-Amur,2017.0,1136.0,1356.0,2115.0,1896.0,1637.0,907.0,1134.0,1619.0,999.0,924.0,644.0,312.81,15182.0
Kondinskoye,2017.0,0.0,0.0,0.0,0.0,0.0,0.0,0.0,0.0,0.0,0.0,0.0,0.0,0.0
Koryaki (Koryaksky),2017.0,0.0,0.0,0.0,0.0,0.0,0.0,0.0,0.0,0.0,0.0,0.0,0.0,0.0
Kostroma,2017.0,0.0,0.0,0.0,0.0,0.0,0.0,0.0,0.0,0.0,0.0,0.0,0.0,0.0
Kotkin,2017.0,0.0,0.0,0.0,0.0,0.0,0.0,0.0,0.0,0.0,0.0,0.0,0.0,0.0
Kotlas,2017.0,0.0,0.0,0.0,0.0,0.0,0.0,0.0,0.0,0.0,0.0,0.0,0.0,0.0
Krasnodar (Paszkowski),2017.0,223845.0,201001.0,239383.0,257566.0,306314.0,318777.0,363060.0,373737.0,340780.0,303514.0,284759.0,605.66,3494987.0
Krasnoselkup,2017.0,0.0,0.0,0.0,0.0,0.0,0.0,0.0,0.0,0.0,0.0,0.0,0.0,0.0
Krasnoyarsk (Emelyanovo),2017.0,141461.0,138547.0,163386.0,166982.0,177164.0,202843.0,236740.0,238042.0,209576.0,191387.0,190435.0,1558.5,2258634.0
Krasnoyarsk (Cheremshanka),2017.0,0.0,0.0,0.0,0.0,0.0,0.0,0.0,0.0,0.0,0.0,0.0,0.0,0.0
Mound,2017.0,0.0,0.0,0.0,0.0,0.0,0.0,0.0,0.0,0.0,0.0,0.0,0.0,0.0
Kurilsk (Clear),2017.0,0.0,0.0,0.0,0.0,0.0,0.0,0.0,0.0,0.0,0.0,0.0,0.0,0.0
Kursk (Eastern),2017.0,0.0,0.0,0.0,0.0,0.0,0.0,0.0,0.0,0.0,0.0,0.0,0.0,0.0
red,2017.0,1391.0,1855.0,2157.0,2395.0,2570.0,1923.0,2032.0,1789.0,1814.0,2304.0,2260.0,1.47,24786.0
Labozhskoe,2017.0,0.0,0.0,0.0,0.0,0.0,0.0,0.0,0.0,0.0,0.0,0.0,0.0,0.0
Zabaykalsk,2017.0,3938.0,3808.0,4483.0,4812.0,5328.0,5575.0,5316.0,5792.0,4768.0,4728.0,5096.0,69.52,58088.0
Лешуконское,2017.0,0.0,0.0,0.0,0.0,0.0,0.0,0.0,0.0,0.0,0.0,0.0,0.0,0.0
Lipetsk,2017.0,0.0,0.0,0.0,0.0,0.0,0.0,0.0,0.0,0.0,0.0,0.0,0.0,0.0
Magadan (Magadan-13),2017.0,0.0,0.0,0.0,0.0,0.0,0.0,0.0,0.0,0.0,0.0,0.0,0.0,0.0
Magadan (Falcon),2017.0,20707.0,19760.0,24020.0,26085.0,30626.0,36391.0,44962.0,45930.0,40254.0,32508.0,28033.0,832.0,376794.0
Magnitogorsk,2017.0,0.0,0.0,0.0,0.0,0.0,0.0,0.0,0.0,0.0,0.0,0.0,0.0,0.0
Maikop,2017.0,0.0,0.0,0.0,0.0,0.0,0.0,0.0,0.0,0.0,0.0,0.0,0.0,0.0
Mom,2017.0,0.0,0.0,0.0,0.0,0.0,0.0,0.0,0.0,0.0,0.0,0.0,0.0,0.0
Manila,2017.0,0.0,0.0,0.0,0.0,0.0,0.0,0.0,0.0,0.0,0.0,0.0,0.0,0.0
brand,2017.0,0.0,0.0,0.0,0.0,0.0,0.0,0.0,0.0,0.0,0.0,0.0,0.0,0.0
Makhachkala (Uytash),2017.0,0.0,0.0,0.0,0.0,0.0,0.0,0.0,0.0,0.0,0.0,0.0,0.0,0.0
Mezhdurechensk,2017.0,0.0,0.0,0.0,0.0,0.0,0.0,0.0,0.0,0.0,0.0,0.0,0.0,0.0
Mezen,2017.0,0.0,0.0,0.0,0.0,0.0,0.0,0.0,0.0,0.0,0.0,0.0,0.0,0.0
Milkovo,2017.0,0.0,0.0,0.0,0.0,0.0,0.0,0.0,0.0,0.0,0.0,0.0,0.0,0.0
Mineral water,2017.0,154865.0,148913.0,157776.0,162732.0,189310.0,200802.0,225323.0,229152.0,214469.0,188963.0,157838.0,185.12,2180178.0
Peaceful,2017.0,22728.0,21015.0,25642.0,22751.0,26825.0,32821.0,33817.0,36482.0,30357.0,27315.0,24261.0,1035.71,329446.0
Moscow (Bykovo),2017.0,0.0,0.0,0.0,0.0,0.0,0.0,0.0,0.0,0.0,0.0,0.0,0.0,0.0
Moscow (Vnukovo),2017.0,1080047.0,1008125.0,1136264.0,1276869.0,1515374.0,1845726.0,2094108.0,2071352.0,1906015.0,1588005.0,1283681.0,6579.24,18138865.0
Moscow (Domodedovo),2017.0,2089356.0,1817757.0,2078000.0,2270115.0,2620156.0,2994124.0,3512406.0,3521769.0,3138883.0,2530505.0,2037611.0,11631.97,30657854.0
Moscow (Ostafyevo),2017.0,0.0,0.0,0.0,0.0,0.0,0.0,0.0,0.0,0.0,0.0,0.0,0.0,0.0
Moscow (Sheremetyevo),2017.0,2686564.0,2514553.0,2856716.0,3042362.0,3233900.0,3614544.0,4160642.0,4081123.0,3697588.0,3539229.0,3100289.0,27535.1,39641443.0
Мотыгино,2017.0,0.0,0.0,0.0,0.0,0.0,0.0,0.0,0.0,0.0,0.0,0.0,0.0,0.0
Murmansk,2017.0,57588.0,53955.0,59463.0,59307.0,67590.0,80489.0,90839.0,93276.0,79870.0,67812.0,64059.0,179.0,846440.0
Cape Schmidt,2017.0,0.0,0.0,0.0,0.0,0.0,0.0,0.0,0.0,0.0,0.0,0.0,0.0,0.0
Cape-Stone,2017.0,0.0,0.0,0.0,0.0,0.0,0.0,0.0,0.0,0.0,0.0,0.0,0.0,0.0
Nadym,2017.0,12293.0,9964.0,11738.0,11767.0,16014.0,16930.0,17711.0,17620.0,16271.0,12003.0,12013.0,41.18,169313.0
Nazran (Magas / Sleptsovskaya),2017.0,0.0,0.0,0.0,0.0,0.0,0.0,0.0,0.0,0.0,0.0,0.0,0.0,0.0
Nalchik,2017.0,0.0,0.0,0.0,0.0,0.0,0.0,0.0,0.0,0.0,0.0,0.0,0.0,0.0
Naryan-Mar,2017.0,0.0,0.0,0.0,0.0,0.0,0.0,0.0,0.0,0.0,0.0,0.0,0.0,0.0
Nelkan,2017.0,0.0,0.0,0.0,0.0,0.0,0.0,0.0,0.0,0.0,0.0,0.0,0.0,0.0
Nerungri (Chulman),2017.0,0.0,0.0,0.0,0.0,0.0,0.0,0.0,0.0,0.0,0.0,0.0,0.0,0.0
Nes,2017.0,0.0,0.0,0.0,0.0,0.0,0.0,0.0,0.0,0.0,0.0,0.0,0.0,0.0
Nižneangarsk,2017.0,0.0,0.0,0.0,0.0,0.0,0.0,0.0,0.0,0.0,0.0,0.0,0.0,0.0
Nizhnevartovsk,2017.0,43864.0,40603.0,46894.0,48572.0,52790.0,70032.0,78988.0,79061.0,66803.0,50495.0,44149.0,394.7,669872.0
Kazan (Begiševo),2017.0,0.0,0.0,0.0,0.0,0.0,0.0,0.0,0.0,0.0,0.0,0.0,0.0,0.0
Nizhneudinsk,2017.0,0.0,0.0,0.0,0.0,0.0,0.0,0.0,0.0,0.0,0.0,0.0,0.0,0.0
Nizhny Novgorod (Strigino),2017.0,48539.0,47505.0,54696.0,57602.0,79164.0,105225.0,116091.0,117271.0,114493.0,87225.0,67052.0,126.02,961491.0
lower Pesha,2017.0,0.0,0.0,0.0,0.0,0.0,0.0,0.0,0.0,0.0,0.0,0.0,0.0,0.0
Nikolaevsk-on-Amur,2017.0,1945.0,2091.0,2561.0,2833.0,3006.0,3354.0,4028.0,3875.0,3730.0,3057.0,2796.0,4.37,35415.0
Nikolskoye,2017.0,0.0,0.0,0.0,0.0,0.0,0.0,0.0,0.0,0.0,0.0,0.0,0.0,0.0
Novokuznetsk,2017.0,16915.0,16380.0,18372.0,17425.0,16998.0,22100.0,25266.0,25005.0,22413.0,16376.0,18163.0,339.7,234409.0
Novosibirsk (North),2017.0,0.0,0.0,0.0,0.0,0.0,0.0,0.0,0.0,0.0,0.0,0.0,0.0,0.0
Novosibirsk (Tolmachyovo),2017.0,304096.0,270965.0,315856.0,332230.0,375242.0,464547.0,532695.0,526621.0,482259.0,410964.0,389435.0,2372.6,4809605.0
New Urengoy,2017.0,66724.0,63573.0,71409.0,74645.0,79148.0,87978.0,92048.0,90595.0,84819.0,74999.0,72689.0,333.8,937628.0
Nogliki,2017.0,0.0,0.0,0.0,0.0,0.0,0.0,0.0,0.0,0.0,0.0,0.0,0.0,0.0
Norilsk,2017.0,31826.0,27544.0,36436.0,39720.0,57964.0,25999.0,35021.0,34748.0,50500.0,43411.0,38895.0,1191.7,461723.0
Norilьsk (But),2017.0,0.0,0.0,0.0,0.0,0.0,0.0,0.0,0.0,0.0,0.0,0.0,0.0,0.0
Noyabrsk,2017.0,12395.0,12520.0,14385.0,15935.0,18377.0,19708.0,23323.0,22372.0,18999.0,17116.0,16157.0,66.14,209479.0
Нюрба,2017.0,0.0,0.0,0.0,0.0,0.0,0.0,0.0,0.0,0.0,0.0,0.0,0.0,0.0
Nyagan,2017.0,0.0,0.0,0.0,0.0,0.0,0.0,0.0,0.0,0.0,0.0,0.0,0.0,0.0
Luengo,2017.0,0.0,0.0,0.0,0.0,0.0,0.0,0.0,0.0,0.0,0.0,0.0,0.0,0.0
Olekminsk,2017.0,0.0,0.0,0.0,0.0,0.0,0.0,0.0,0.0,0.0,0.0,0.0,0.0,0.0
SUV,2017.0,0.0,0.0,0.0,0.0,0.0,0.0,0.0,0.0,0.0,0.0,0.0,0.0,0.0
ohm,2017.0,0.0,0.0,0.0,0.0,0.0,0.0,0.0,0.0,0.0,0.0,0.0,0.0,0.0
Omolon,2017.0,0.0,0.0,0.0,0.0,0.0,0.0,0.0,0.0,0.0,0.0,0.0,0.0,0.0
Omsk (central),2017.0,60906.0,53261.0,60508.0,61102.0,72567.0,93964.0,113626.0,113829.0,99040.0,77195.0,68332.0,355.0,948248.0
Omsukçan,2017.0,0.0,0.0,0.0,0.0,0.0,0.0,0.0,0.0,0.0,0.0,0.0,0.0,0.0
Eagle (South),2017.0,0.0,0.0,0.0,0.0,0.0,0.0,0.0,0.0,0.0,0.0,0.0,0.0,0.0
Orenburg (central),2017.0,42245.0,37587.0,42514.0,47232.0,62105.0,73509.0,97385.0,98883.0,81349.0,58723.0,50848.0,135.64,744303.0
Orsk,2017.0,0.0,0.0,0.0,0.0,0.0,0.0,0.0,0.0,0.0,0.0,0.0,0.0,0.0
Ossora,2017.0,0.0,0.0,0.0,0.0,0.0,0.0,0.0,0.0,0.0,0.0,0.0,0.0,0.0
Okha,2017.0,0.0,0.0,0.0,0.0,0.0,0.0,0.0,0.0,0.0,0.0,0.0,0.0,0.0
Okhotsk,2017.0,0.0,0.0,0.0,0.0,0.0,0.0,0.0,0.0,0.0,0.0,0.0,0.0,0.0
Palana,2017.0,0.0,0.0,0.0,0.0,0.0,0.0,0.0,0.0,0.0,0.0,0.0,0.0,0.0
Pahachi,2017.0,0.0,0.0,0.0,0.0,0.0,0.0,0.0,0.0,0.0,0.0,0.0,0.0,0.0
Pevek,2017.0,1564.0,1335.0,2286.0,2309.0,1741.0,2512.0,2292.0,1935.0,3213.0,1997.0,1799.0,112.0,24226.0
Penza,2017.0,0.0,0.0,0.0,0.0,0.0,0.0,0.0,0.0,0.0,0.0,0.0,0.0,0.0
Perm (Bakharevka),2017.0,0.0,0.0,0.0,0.0,0.0,0.0,0.0,0.0,0.0,0.0,0.0,0.0,0.0
Perm (Bolshoye Savino),2017.0,84648.0,78030.0,87616.0,90408.0,112375.0,134322.0,148169.0,146642.0,134884.0,114648.0,101320.0,206.53,1338373.0
Gerbil (Kolguev Island),2017.0,0.0,0.0,0.0,0.0,0.0,0.0,0.0,0.0,0.0,0.0,0.0,0.0,0.0
Petrozavodsk (Besovets),2017.0,0.0,0.0,0.0,0.0,0.0,0.0,0.0,0.0,0.0,0.0,0.0,0.0,0.0
Petrozavodsk (Sands),2017.0,0.0,0.0,0.0,0.0,0.0,0.0,0.0,0.0,0.0,0.0,0.0,0.0,0.0
Petropavlovsk (Yelizovo),2017.0,36383.0,30629.0,39336.0,43654.0,50340.0,63088.0,80969.0,89235.0,76206.0,55891.0,44456.0,867.75,658689.0
Pechora,2017.0,0.0,0.0,0.0,0.0,0.0,0.0,0.0,0.0,0.0,0.0,0.0,0.0,0.0
pioneer,2017.0,0.0,0.0,0.0,0.0,0.0,0.0,0.0,0.0,0.0,0.0,0.0,0.0,0.0
Plast,2017.0,0.0,0.0,0.0,0.0,0.0,0.0,0.0,0.0,0.0,0.0,0.0,0.0,0.0
Podkamyennaya Tunguska,2017.0,0.0,0.0,0.0,0.0,0.0,0.0,0.0,0.0,0.0,0.0,0.0,0.0,0.0
Pauline Osipenko,2017.0,0.0,0.0,0.0,0.0,0.0,0.0,0.0,0.0,0.0,0.0,0.0,0.0,0.0
Polar,2017.0,3399.0,3438.0,3782.0,3657.0,5186.0,6249.0,6612.0,7353.0,5537.0,4613.0,3900.0,41.17,58237.0
Providence (Providence Harbor),2017.0,0.0,0.0,0.0,0.0,0.0,0.0,0.0,0.0,0.0,0.0,0.0,0.0,0.0
Pskov (crosses),2017.0,0.0,0.0,0.0,0.0,0.0,0.0,0.0,0.0,0.0,0.0,0.0,0.0,0.0
Rogachevo (Amderma-2),2017.0,0.0,0.0,0.0,0.0,0.0,0.0,0.0,0.0,0.0,0.0,0.0,0.0,0.0
Rostov-on-Don,2017.0,188648.0,170579.0,193315.0,197326.0,232182.0,247027.0,270007.0,264191.0,250469.0,242538.0,233072.0,86.52,2532266.0
Rostov-on-Don (fee),2017.0,0.0,0.0,0.0,0.0,0.0,0.0,0.0,0.0,0.0,0.0,0.0,0.0,0.0
Sabetta,2017.0,0.0,0.0,0.0,0.0,0.0,0.0,0.0,0.0,0.0,0.0,0.0,0.0,0.0
Sakkırır,2017.0,0.0,0.0,0.0,0.0,0.0,0.0,0.0,0.0,0.0,0.0,0.0,0.0,0.0
Salekhard,2017.0,0.0,0.0,0.0,0.0,0.0,0.0,0.0,0.0,0.0,0.0,0.0,0.0,0.0
Samara (Kurumoch),2017.0,0.0,0.0,0.0,0.0,0.0,0.0,0.0,0.0,0.0,0.0,0.0,0.0,0.0
Samara (Smyshlyaevka),2017.0,0.0,0.0,0.0,0.0,0.0,0.0,0.0,0.0,0.0,0.0,0.0,0.0,0.0
Sangar,2017.0,0.0,0.0,0.0,0.0,0.0,0.0,0.0,0.0,0.0,0.0,0.0,0.0,0.0
Saint Petersburg (Pulkovo),2017.0,982522.0,897544.0,1018974.0,1147043.0,1396650.0,1700237.0,1917052.0,1881419.0,1668519.0,1343690.0,1089829.0,2501.0,16125520.0
Saransk,2017.0,0.0,0.0,0.0,0.0,0.0,0.0,0.0,0.0,0.0,0.0,0.0,0.0,0.0
Saratov (central),2017.0,28843.0,29673.0,32985.0,35451.0,40066.0,47998.0,54640.0,54491.0,48220.0,40495.0,35430.0,44.8,481503.0
Saskılah,2017.0,0.0,0.0,0.0,0.0,0.0,0.0,0.0,0.0,0.0,0.0,0.0,0.0,0.0
Svetlogorsk,2017.0,0.0,0.0,0.0,0.0,0.0,0.0,0.0,0.0,0.0,0.0,0.0,0.0,0.0
North-Yenisei,2017.0,0.0,0.0,0.0,0.0,0.0,0.0,0.0,0.0,0.0,0.0,0.0,0.0,0.0
North Even,2017.0,0.0,0.0,0.0,0.0,0.0,0.0,0.0,0.0,0.0,0.0,0.0,0.0,0.0
Seymçan,2017.0,0.0,0.0,0.0,0.0,0.0,0.0,0.0,0.0,0.0,0.0,0.0,0.0,0.0
Simferopol,2017.0,0.0,0.0,0.0,0.0,0.0,0.0,0.0,0.0,0.0,0.0,0.0,0.0,0.0
sheaf,2017.0,0.0,0.0,0.0,0.0,0.0,0.0,0.0,0.0,0.0,0.0,0.0,0.0,0.0
Sobolevo,2017.0,0.0,0.0,0.0,0.0,0.0,0.0,0.0,0.0,0.0,0.0,0.0,0.0,0.0
Sovetskaya Gavan,2017.0,0.0,0.0,0.0,0.0,0.0,0.0,0.0,0.0,0.0,0.0,0.0,0.0,0.0
Soviet,2017.0,0.0,0.0,0.0,0.0,0.0,0.0,0.0,0.0,0.0,0.0,0.0,0.0,0.0
Solovki,2017.0,0.0,0.0,0.0,0.0,0.0,0.0,0.0,0.0,0.0,0.0,0.0,0.0,0.0
Sochi,2017.0,323122.0,345175.0,376042.0,362529.0,429930.0,606684.0,766415.0,776555.0,670025.0,428078.0,294780.0,246.11,5681974.0
Среднеколымск,2017.0,0.0,0.0,0.0,0.0,0.0,0.0,0.0,0.0,0.0,0.0,0.0,0.0,0.0
Stavropol (Shpakovskoye),2017.0,24691.0,21941.0,26243.0,30513.0,30705.0,28533.0,26835.0,30589.0,36029.0,34807.0,32216.0,83.0,356210.0
Stary Oskol,2017.0,0.0,0.0,0.0,0.0,0.0,0.0,0.0,0.0,0.0,0.0,0.0,0.0,0.0
Strezhevoy,2017.0,0.0,0.0,0.0,0.0,0.0,0.0,0.0,0.0,0.0,0.0,0.0,0.0,0.0
Samsearn,2017.0,0.0,0.0,0.0,0.0,0.0,0.0,0.0,0.0,0.0,0.0,0.0,0.0,0.0
Surgut,2017.0,110671.0,104640.0,119064.0,122102.0,127804.0,173775.0,208833.0,205466.0,161852.0,131494.0,126547.0,348.6,1721044.0
Syktyvkar,2017.0,30697.0,28898.0,32638.0,34003.0,39757.0,53683.0,64880.0,64664.0,52673.0,41595.0,34693.0,83.91,511582.0
Taganrog (Southern),2017.0,0.0,0.0,0.0,0.0,0.0,0.0,0.0,0.0,0.0,0.0,0.0,0.0,0.0
Taz,2017.0,0.0,0.0,0.0,0.0,0.0,0.0,0.0,0.0,0.0,0.0,0.0,0.0,0.0
Таксимо,2017.0,0.0,0.0,0.0,0.0,0.0,0.0,0.0,0.0,0.0,0.0,0.0,0.0,0.0
Talakan,2017.0,0.0,0.0,0.0,0.0,0.0,0.0,0.0,0.0,0.0,0.0,0.0,0.0,0.0
Tambov,2017.0,917.0,1525.0,1925.0,1921.0,2419.0,3168.0,4020.0,4453.0,3803.0,2673.0,2336.0,0.0,31294.0
Container,2017.0,0.0,0.0,0.0,0.0,0.0,0.0,0.0,0.0,0.0,0.0,0.0,0.0,0.0
Tarko-Sale,2017.0,0.0,0.0,0.0,0.0,0.0,0.0,0.0,0.0,0.0,0.0,0.0,0.0,0.0
Shalym,2017.0,0.0,0.0,0.0,0.0,0.0,0.0,0.0,0.0,0.0,0.0,0.0,0.0,0.0
Tigil,2017.0,0.0,0.0,0.0,0.0,0.0,0.0,0.0,0.0,0.0,0.0,0.0,0.0,0.0
Tiksi,2017.0,677.0,1047.0,1368.0,1280.0,1460.0,1922.0,2071.0,2074.0,1669.0,1483.0,870.0,76.91,17253.0
Tilichiki,2017.0,0.0,0.0,0.0,0.0,0.0,0.0,0.0,0.0,0.0,0.0,0.0,0.0,0.0
Tobolsk,2017.0,0.0,0.0,0.0,0.0,0.0,0.0,0.0,0.0,0.0,0.0,0.0,0.0,0.0
Tolka,2017.0,0.0,0.0,0.0,0.0,0.0,0.0,0.0,0.0,0.0,0.0,0.0,0.0,0.0
Tomsk (Bogashevo),2017.0,40790.0,38717.0,44310.0,47454.0,51420.0,59299.0,67126.0,68388.0,60103.0,51449.0,44156.0,222.34,617717.0
Troitsky-Pechora,2017.0,0.0,0.0,0.0,0.0,0.0,0.0,0.0,0.0,0.0,0.0,0.0,0.0,0.0
Tugur,2017.0,0.0,0.0,0.0,0.0,0.0,0.0,0.0,0.0,0.0,0.0,0.0,0.0,0.0
Travel (Mountain),2017.0,0.0,0.0,0.0,0.0,0.0,0.0,0.0,0.0,0.0,0.0,0.0,0.0,0.0
Turukhansk,2017.0,0.0,0.0,0.0,0.0,0.0,0.0,0.0,0.0,0.0,0.0,0.0,0.0,0.0
Ust-Tsilma,2017.0,0.0,0.0,0.0,0.0,0.0,0.0,0.0,0.0,0.0,0.0,0.0,0.0,0.0
Tyumen (Plekhanovo),2017.0,0.0,0.0,0.0,0.0,0.0,0.0,0.0,0.0,0.0,0.0,0.0,0.0,0.0
Tyumen (Roschino),2017.0,113543.0,109110.0,119633.0,127192.0,150729.0,183441.0,213143.0,214632.0,179483.0,143984.0,131042.0,433.3,1822909.0
Uda,2017.0,0.0,0.0,0.0,0.0,0.0,0.0,0.0,0.0,0.0,0.0,0.0,0.0,0.0
Ulan Ude (Mukhino),2017.0,0.0,0.0,0.0,0.0,0.0,0.0,0.0,0.0,0.0,0.0,0.0,0.0,0.0
Ulyanovsk (Barataevka),2017.0,0.0,0.0,0.0,0.0,0.0,0.0,0.0,0.0,0.0,0.0,0.0,0.0,0.0
Ulyanovsk (East),2017.0,0.0,0.0,0.0,0.0,0.0,0.0,0.0,0.0,0.0,0.0,0.0,0.0,0.0
Nyagan,2017.0,0.0,0.0,0.0,0.0,0.0,0.0,0.0,0.0,0.0,0.0,0.0,0.0,0.0
Flora,2017.0,0.0,0.0,0.0,0.0,0.0,0.0,0.0,0.0,0.0,0.0,0.0,0.0,0.0
Urengoy,2017.0,0.0,0.0,0.0,0.0,0.0,0.0,0.0,0.0,0.0,0.0,0.0,0.0,0.0
Usinsk,2017.0,0.0,0.0,0.0,0.0,0.0,0.0,0.0,0.0,0.0,0.0,0.0,0.0,0.0
Ust-Kamchatsk,2017.0,0.0,0.0,0.0,0.0,0.0,0.0,0.0,0.0,0.0,0.0,0.0,0.0,0.0
Ust-Kara,2017.0,0.0,0.0,0.0,0.0,0.0,0.0,0.0,0.0,0.0,0.0,0.0,0.0,0.0
Ust-Kuyga,2017.0,0.0,0.0,0.0,0.0,0.0,0.0,0.0,0.0,0.0,0.0,0.0,0.0,0.0
Ust-Kut,2017.0,0.0,0.0,0.0,0.0,0.0,0.0,0.0,0.0,0.0,0.0,0.0,0.0,0.0
Ust-Maya,2017.0,0.0,0.0,0.0,0.0,0.0,0.0,0.0,0.0,0.0,0.0,0.0,0.0,0.0
Ust-Nera,2017.0,0.0,0.0,0.0,0.0,0.0,0.0,0.0,0.0,0.0,0.0,0.0,0.0,0.0
Ust-Khairyuzovo,2017.0,0.0,0.0,0.0,0.0,0.0,0.0,0.0,0.0,0.0,0.0,0.0,0.0,0.0
Ust-Tsilma,2017.0,0.0,0.0,0.0,0.0,0.0,0.0,0.0,0.0,0.0,0.0,0.0,0.0,0.0
Ufa,2017.0,171739.0,155316.0,177796.0,192087.0,238587.0,284752.0,308839.0,307451.0,281008.0,239374.0,213049.0,412.28,2794407.0
Ukhta,2017.0,0.0,0.0,0.0,0.0,0.0,0.0,0.0,0.0,0.0,0.0,0.0,0.0,0.0
Khabarovsk (MVL),2017.0,279.0,246.0,420.0,614.0,518.0,402.0,492.0,1314.0,527.0,589.0,500.0,7.95,6313.0
Khabarovsk (New),2017.0,130419.0,119384.0,137009.0,148096.0,158841.0,191982.0,232673.0,235189.0,205716.0,178703.0,154536.0,2487.45,2047092.0
royal,2017.0,0.0,0.0,0.0,0.0,0.0,0.0,0.0,0.0,0.0,0.0,0.0,0.0,0.0
Khanty-Mansiysk,2017.0,14189.0,14232.0,15933.0,17155.0,17422.0,27310.0,27193.0,28899.0,23945.0,21735.0,23552.0,62.17,254537.0
Harwell,2017.0,0.0,0.0,0.0,0.0,0.0,0.0,0.0,0.0,0.0,0.0,0.0,0.0,0.0
Khatanga,2017.0,1721.0,1527.0,2513.0,3153.0,3554.0,3332.0,3179.0,4001.0,3191.0,3127.0,2601.0,307.64,34781.0
Herpuchi,2017.0,0.0,0.0,0.0,0.0,0.0,0.0,0.0,0.0,0.0,0.0,0.0,0.0,0.0
Honuu (Girl),2017.0,0.0,0.0,0.0,0.0,0.0,0.0,0.0,0.0,0.0,0.0,0.0,0.0,0.0
Khorey Vere,2017.0,0.0,0.0,0.0,0.0,0.0,0.0,0.0,0.0,0.0,0.0,0.0,0.0,0.0
remedy,2017.0,0.0,0.0,0.0,0.0,0.0,0.0,0.0,0.0,0.0,0.0,0.0,0.0,0.0
Cheboksary,2017.0,0.0,0.0,0.0,0.0,0.0,0.0,0.0,0.0,0.0,0.0,0.0,0.0,0.0
Chyegdomyn,2017.0,0.0,0.0,0.0,0.0,0.0,0.0,0.0,0.0,0.0,0.0,0.0,0.0,0.0
Chelyabinsk (Balandino),2017.0,95420.0,85285.0,95815.0,97507.0,121471.0,145982.0,168385.0,167058.0,147848.0,123262.0,109317.0,333.35,1469769.0
Cherepovets,2017.0,0.0,0.0,0.0,0.0,0.0,0.0,0.0,0.0,0.0,0.0,0.0,0.0,0.0
Cherskiy,2017.0,0.0,0.0,0.0,0.0,0.0,0.0,0.0,0.0,0.0,0.0,0.0,0.0,0.0
Chizha,2017.0,0.0,0.0,0.0,0.0,0.0,0.0,0.0,0.0,0.0,0.0,0.0,0.0,0.0
Reads (tub),2017.0,22949.0,20034.0,21880.0,24637.0,27730.0,34182.0,43877.0,44256.0,34996.0,31015.0,25445.0,335.69,358674.0
Çokurdah,2017.0,0.0,0.0,0.0,0.0,0.0,0.0,0.0,0.0,0.0,0.0,0.0,0.0,0.0
Çumikan,2017.0,0.0,0.0,0.0,0.0,0.0,0.0,0.0,0.0,0.0,0.0,0.0,0.0,0.0
Şarıpovo,2017.0,0.0,0.0,0.0,0.0,0.0,0.0,0.0,0.0,0.0,0.0,0.0,0.0,0.0
Shakhtars'k,2017.0,0.0,0.0,0.0,0.0,0.0,0.0,0.0,0.0,0.0,0.0,0.0,0.0,0.0
Şoyna,2017.0,0.0,0.0,0.0,0.0,0.0,0.0,0.0,0.0,0.0,0.0,0.0,0.0,0.0
Shushenskoe,2017.0,0.0,0.0,0.0,0.0,0.0,0.0,0.0,0.0,0.0,0.0,0.0,0.0,0.0
Egvekinot (Bay Cross),2017.0,0.0,0.0,0.0,0.0,0.0,0.0,0.0,0.0,0.0,0.0,0.0,0.0,0.0
Ekimçan,2017.0,0.0,0.0,0.0,0.0,0.0,0.0,0.0,0.0,0.0,0.0,0.0,0.0,0.0
Elista,2017.0,0.0,0.0,0.0,0.0,0.0,0.0,0.0,0.0,0.0,0.0,0.0,0.0,0.0
ESSO,2017.0,0.0,0.0,0.0,0.0,0.0,0.0,0.0,0.0,0.0,0.0,0.0,0.0,0.0
South kurilsk (Mendeleevo),2017.0,0.0,0.0,0.0,0.0,0.0,0.0,0.0,0.0,0.0,0.0,0.0,0.0,0.0
Yuzhno-(Khomutovo),2017.0,64779.0,60881.0,66912.0,68086.0,76581.0,93582.0,109292.0,115617.0,95252.0,81495.0,75396.0,1038.54,985211.0
Yakutsk,2017.0,49666.0,48331.0,62926.0,67360.0,68018.0,94852.0,106553.0,110232.0,89084.0,76601.0,62824.0,1448.48,902463.0
Yakutsk (Magan),2017.0,0.0,0.0,0.0,0.0,0.0,0.0,0.0,0.0,0.0,0.0,0.0,0.0,0.0
Yamburg,2017.0,5396.0,5711.0,5232.0,5613.0,5092.0,4847.0,4895.0,4826.0,5048.0,5155.0,4946.0,0.07,62419.0
Yaroslavl (Tunoshna),2017.0,743.0,400.0,519.0,406.0,1223.0,2979.0,3650.0,3978.0,4669.0,1561.0,1653.0,723.92,23817.0
Yartsevo,2017.0,0.0,0.0,0.0,0.0,0.0,0.0,0.0,0.0,0.0,0.0,0.0,0.0,0.0
